N_sample	N_ANI	Min	Max
0	0	0	0
1	95.58	1	981
2	191.72	3	1232
3	293.16	9	1295
4	433.8	33	1463
5	558.66	104	1522
6	704.76	151	2146
7	826.16	231	2151
8	916.72	249	2153
9	1007.64	265	2272
10	1067.92	280	2352
11	1197.42	312	2971
12	1299.72	399	3193
13	1386.28	400	3293
14	1444.04	464	3332
15	1551.98	477	3738
16	1654.62	537	3905
17	1831.34	589	4011
18	1916.04	624	4100
19	2016.5	686	4480
20	2108.98	802	4969
21	2187.16	810	4983
22	2255.04	824	5013
23	2371.44	1105	5068
24	2467.52	1132	5143
25	2598.54	1146	5199
26	2709.84	1150	5230
27	2820.88	1190	5803
28	2949.34	1205	5841
29	3039.88	1260	6049
30	3136.62	1303	6136
31	3219.1	1350	6154
32	3315.8	1370	6264
33	3406.76	1399	7067
34	3501.48	1430	7068
35	3632.76	1942	7165
36	3744.02	2011	7186
37	3818.28	2014	7243
38	3932.64	2039	7310
39	3995.64	2040	7324
40	4060.28	2188	7374
41	4121.78	2263	7405
42	4208.82	2263	7439
43	4299.66	2337	7504
44	4369.62	2344	7527
45	4449.36	2590	7528
46	4521.96	2659	7571
47	4642.24	2694	7652
48	4712.3	2963	7673
49	4786.34	2968	7710
50	4851.24	2992	7772
51	4949.92	3076	7773
52	5108.96	3078	7774
53	5188.46	3094	7775
54	5287.72	3095	7837
55	5393.78	3097	7895
56	5483.68	3319	8193
57	5546.6	3384	8728
58	5642.12	3506	8730
59	5696.86	3563	8806
60	5785.26	3624	8931
61	5875.78	3633	8935
62	5995.82	3646	9100
63	6064.72	3678	9139
64	6133.9	3680	9450
65	6263.52	3760	9482
66	6335.16	3764	9493
67	6430.92	3784	9575
68	6543.42	4319	9624
69	6621.54	4328	9730
70	6710.36	4329	9735
71	6813.94	4587	9735
72	6893.6	4641	9794
73	6993.02	4681	9795
74	7049.3	4726	9828
75	7136	4742	11006
76	7224.9	4744	11042
77	7339.34	4926	11383
78	7458.8	4947	11384
79	7507.2	4998	11450
80	7615.02	5000	11519
81	7694.84	5008	11555
82	7744.38	5118	11658
83	7817.42	5141	11663
84	7887.28	5171	11665
85	7957.32	5190	11689
86	8051.7	5244	11697
87	8131.64	5252	11776
88	8201.44	5253	11777
89	8337.3	5308	11891
90	8408.08	5309	11894
91	8463.96	5315	11946
92	8554.72	5346	12024
93	8634.62	5383	12025
94	8704.14	5394	12036
95	8757.36	5574	12049
96	8816.98	5594	12052
97	8847.48	5601	12072
98	8911.7	5806	12084
99	8987.74	5809	12259
100	9070.68	5860	12335
101	9144.62	5928	12336
102	9217.68	6063	12338
103	9259.54	6114	12376
104	9292.3	6119	12399
105	9358.7	6134	12399
106	9446.44	6151	12400
107	9510.02	6298	12407
108	9564.18	6320	12534
109	9608.18	6620	12542
110	9736.16	6625	12550
111	9795.4	6664	12559
112	9882.26	6724	12561
113	9936.56	6761	12613
114	10016.76	6847	12664
115	10129.36	6885	12666
116	10178	6973	12668
117	10238.22	6976	12789
118	10320.74	6983	12791
119	10418.34	6995	12904
120	10499.92	7063	13374
121	10591.9	7128	13451
122	10679.96	7192	13747
123	10749.54	7193	13751
124	10815.1	7485	13881
125	10888.74	7660	13963
126	10949.26	7662	13974
127	11043.22	7720	14098
128	11099.96	7869	14164
129	11176.24	8062	14302
130	11249.2	8062	14948
131	11290.16	8066	14952
132	11368.62	8078	14954
133	11448.84	8085	15100
134	11524.72	8108	15110
135	11588.76	8172	15152
136	11664.14	8389	15166
137	11724.86	8591	15209
138	11770.96	8634	15266
139	11829.38	8750	15270
140	11891.84	8755	15342
141	11977.04	8762	15539
142	12058.76	8775	15555
143	12118.18	8805	15631
144	12177.1	8810	15744
145	12249.16	8843	15759
146	12309.98	8909	15761
147	12410.32	8972	15764
148	12450.24	9021	15777
149	12524.1	9172	15917
150	12582.82	9201	15964
151	12618.2	9204	15966
152	12678.72	9217	15982
153	12766.88	9256	16038
154	12887.8	9257	16040
155	12984.22	9273	16143
156	13050.62	9284	16163
157	13128.9	9340	16206
158	13187.68	9390	16208
159	13261.44	9512	16267
160	13346.06	9908	16475
161	13393.8	9920	16479
162	13457.7	9921	16857
163	13546.48	9932	16862
164	13585.02	9950	16905
165	13636.32	10027	16917
166	13713.7	10117	16943
167	13761.94	10134	16955
168	13863.26	10211	17158
169	13933.16	10212	17180
170	13979.3	10213	17212
171	14047.12	10222	17496
172	14088.74	10224	17521
173	14157.86	10227	17557
174	14227.34	10253	17807
175	14275.64	10254	17807
176	14319.88	10262	17815
177	14390.54	10343	17841
178	14488.16	10502	17884
179	14533.04	10511	17885
180	14646.4	10611	17891
181	14703.78	10637	18198
182	14766.58	10637	18382
183	14858.84	10666	18390
184	14918.02	10730	18403
185	14957.62	10732	18422
186	14999.2	10733	18423
187	15058.2	10793	18444
188	15110.08	10796	18467
189	15182.92	10901	18468
190	15237.22	10951	18480
191	15315.14	10954	18805
192	15408.58	10973	19199
193	15461.38	11110	19210
194	15548.52	11139	19217
195	15611.7	11151	19217
196	15672.2	11544	19227
197	15736.48	12184	19245
198	15849.56	12188	19373
199	15903.88	12191	19390
200	15982.7	12192	19668
201	16047.24	12201	19683
202	16152.78	12409	20027
203	16241.78	12457	20043
204	16302.4	12503	20149
205	16352.02	12516	20175
206	16405.76	12606	20218
207	16453.92	12740	20218
208	16511.5	12741	20238
209	16553.76	12749	20353
210	16660.62	12750	20373
211	16719.96	12759	20375
212	16778.54	12761	20868
213	16835.6	13085	20869
214	16896.12	13097	20939
215	16937.36	13278	20966
216	17007.98	13303	21332
217	17080.54	13303	21349
218	17142.3	13304	21357
219	17197.98	13304	21362
220	17274.46	13349	21592
221	17355.52	13365	21597
222	17467.7	13377	21597
223	17532.98	13417	21786
224	17582.18	13654	21806
225	17661.24	13682	21878
226	17708.96	13823	21897
227	17795.2	13824	21919
228	17865.58	13829	21921
229	17917.12	13854	22058
230	18028.88	13996	22087
231	18114.92	14120	22088
232	18229.46	14222	22571
233	18346.84	14238	22740
234	18385.62	14254	22742
235	18432.32	14665	22951
236	18479.02	14665	22952
237	18568.96	14908	22962
238	18627.06	14909	22964
239	18667.52	14934	22965
240	18748.94	14935	22981
241	18787.58	14935	23192
242	18835.04	14936	23218
243	18902.2	14937	23410
244	18978.66	15265	23419
245	19008.66	15267	23427
246	19053.22	15278	23428
247	19095.12	15289	23429
248	19172.36	15416	23443
249	19217.66	15682	23474
250	19258.66	15734	23548
251	19325.98	15734	23548
252	19383.16	15741	23611
253	19453.2	15743	24011
254	19517.48	15850	24023
255	19561.42	15898	24024
256	19619.78	15917	24150
257	19665.54	16063	24225
258	19696.42	16070	24225
259	19737.06	16071	24252
260	19837.46	16106	24270
261	19892.82	16142	24272
262	19942.94	16159	24279
263	20022.68	16160	24280
264	20101.18	16163	24296
265	20163.84	16165	24365
266	20195.38	16190	24427
267	20250.1	16191	24486
268	20294.6	16212	24504
269	20333.66	16372	24508
270	20400.38	16377	24593
271	20432.42	16379	24597
272	20470.4	16388	24609
273	20546.04	16392	24614
274	20629.9	16392	26212
275	20661.52	16392	26241
276	20719.88	16466	26246
277	20752.3	16490	26284
278	20791.22	16500	26286
279	20844.36	16531	26298
280	20969.02	16555	26361
281	21019.66	16574	26564
282	21081.68	16577	26580
283	21146.66	16581	26598
284	21222.64	16831	26626
285	21279.94	16832	26677
286	21329.96	16862	26731
287	21376	16869	26807
288	21424.68	16963	27088
289	21479.82	17013	27088
290	21533.4	17013	27634
291	21560.64	17017	27770
292	21600.2	17017	27797
293	21643.56	17066	27821
294	21691.22	17074	27827
295	21772.2	17132	27873
296	21835.3	17238	27875
297	21868.34	17240	27875
298	21917.86	17240	27888
299	21973.58	17331	27896
300	22015.34	17337	27925
301	22085.38	17386	28014
302	22130.92	17423	28032
303	22167.54	17507	28032
304	22218.92	17524	28091
305	22270.92	17528	28213
306	22316.48	17580	28231
307	22367.72	17581	28378
308	22442.28	17581	28465
309	22476	17582	28488
310	22523.24	17634	28561
311	22595.06	17676	28604
312	22661.1	17677	28604
313	22721.88	17758	28611
314	22761.02	17759	28611
315	22822.1	17777	28618
316	22887.8	17783	28655
317	22954.74	17882	28655
318	23039.26	17896	28656
319	23108.72	17925	28687
320	23174.62	17992	28841
321	23249.18	18011	29243
322	23305.24	18014	29279
323	23379.58	18020	29306
324	23416.98	18020	29312
325	23493.1	18020	29325
326	23541.44	18020	29333
327	23590.28	18058	29334
328	23647.96	18075	29338
329	23701.3	18112	29340
330	23752.02	18125	29340
331	23804.12	18144	29355
332	23907	18147	29397
333	23949.44	18181	29398
334	24037.64	19276	29401
335	24086.7	19281	29429
336	24163.44	19314	29433
337	24183.58	19426	29433
338	24215.9	19431	29459
339	24267.66	19476	29485
340	24306.18	19478	29485
341	24343.96	19488	29486
342	24411.72	19508	29486
343	24481.52	19582	29487
344	24535.74	19582	29497
345	24590.28	19583	29570
346	24649.56	20242	29574
347	24676.36	20267	29575
348	24724.78	20619	29652
349	24767.7	20621	29657
350	24859.08	20693	29751
351	24909.26	20696	29755
352	24989.32	20772	29831
353	25060.46	20885	29867
354	25094.82	20885	29870
355	25160.58	20954	29924
356	25218.9	20955	29935
357	25294.76	21183	29937
358	25348.5	21185	29937
359	25399.44	21215	29982
360	25480.12	21220	29982
361	25562.58	21250	30024
362	25605.98	21251	30202
363	25714	21378	30246
364	25747.64	21422	30259
365	25802.86	21457	30297
366	25902.34	21509	31839
367	25950.54	21509	31840
368	26040.46	21626	32043
369	26092.92	21646	32071
370	26150.6	21647	32072
371	26188.62	21801	32073
372	26258.14	21801	32075
373	26305.74	21815	32078
374	26361.24	21850	32080
375	26402.8	21856	32116
376	26442.08	21857	32116
377	26472.82	21868	32133
378	26526.14	21922	32146
379	26634.74	21925	32149
380	26676.46	21978	32400
381	26729.06	21987	32680
382	26769.22	22010	32693
383	26809.06	22012	32707
384	26839.38	22042	32713
385	26883.42	22579	32727
386	26919.34	22583	32735
387	26969.12	22586	32736
388	27014.7	22791	32752
389	27056.22	22792	32774
390	27096.92	22794	32774
391	27142.28	22817	32780
392	27189.96	22931	32782
393	27265.68	22962	32787
394	27312.44	22974	32887
395	27339.48	22984	32896
396	27392.38	23007	32904
397	27456.18	23018	32935
398	27503.18	23106	32956
399	27568.92	23111	33003
400	27608.26	23123	33014
401	27634.04	23124	33023
402	27699.74	23125	33026
403	27743.98	23134	33153
404	27779.62	23233	33167
405	27840.06	23333	33168
406	27886.38	23355	33181
407	27927.9	23355	33214
408	27992.26	23359	33234
409	28054.04	23386	33270
410	28110.94	23392	33389
411	28173.92	23401	33399
412	28242	23606	33435
413	28290.78	23606	33770
414	28330.02	23785	33771
415	28376.34	23801	34147
416	28448.06	24325	34357
417	28509.48	24328	34392
418	28600.04	24330	34394
419	28677.9	24453	34394
420	28717.46	24454	34448
421	28765.12	24456	34540
422	28819.7	24468	34541
423	28854.5	24497	34541
424	28902.4	24497	34564
425	28958.2	24497	34580
426	28996.3	24506	34580
427	29067.56	24511	34598
428	29116.54	24517	34666
429	29195.18	24517	34757
430	29262.24	24723	35107
431	29294.58	24734	35107
432	29350.48	24762	35113
433	29422.9	24806	35150
434	29483.24	24810	35154
435	29520.2	24820	35157
436	29594.86	24821	35360
437	29666.72	24860	35384
438	29713.24	24901	35385
439	29756.42	24902	35409
440	29790.58	24903	35410
441	29827.3	24919	35415
442	29903.08	24920	35833
443	29946.04	25057	35835
444	29988.36	25063	35854
445	30039.2	25065	35857
446	30071.86	25093	35867
447	30163.2	25093	35890
448	30220.16	25236	35915
449	30258.38	25237	36071
450	30314.12	25239	36071
451	30355.96	25262	36088
452	30428.42	25297	36091
453	30476.1	25298	36104
454	30509.76	25300	36128
455	30566.56	25312	36144
456	30618.8	25339	36145
457	30675.66	25363	36151
458	30709.96	25364	36171
459	30775.42	25375	36173
460	30807.5	25510	36175
461	30860.34	25511	36187
462	30916.74	25513	36475
463	30957.82	25522	36650
464	30974.58	25537	36652
465	31020.14	25539	36676
466	31058.54	25563	37008
467	31119.52	25565	37028
468	31178.56	25579	37169
469	31247.06	25586	37354
470	31300.58	25587	37476
471	31357.06	25588	37486
472	31409.3	26346	37488
473	31446.44	26430	37515
474	31479.84	26477	37581
475	31520.2	26482	37582
476	31566.28	26482	37582
477	31601.46	26549	37582
478	31640.98	26600	37638
479	31724.98	26614	37657
480	31801.8	26623	37671
481	31825	26677	37693
482	31865.42	26742	37695
483	31908.38	26764	37711
484	31942.2	26770	37806
485	31997.82	26793	37863
486	32078.28	26798	37863
487	32127.3	26809	37901
488	32176.5	26816	37904
489	32256.52	26854	37904
490	32286.3	26854	37910
491	32315.08	27016	37915
492	32375.94	27017	37940
493	32418.42	27021	37943
494	32459.96	27359	37952
495	32531.24	27407	38190
496	32559.18	27408	38192
497	32595.88	27637	38227
498	32640.42	27930	38271
499	32687.86	27930	38271
500	32746.88	27933	38272
501	32790.26	27937	38278
502	32827.96	27958	38290
503	32884.94	27959	38330
504	32919.7	27959	38345
505	32967.82	27961	38349
506	33024.22	27962	38358
507	33078.46	27973	38387
508	33106.44	27993	38391
509	33194.66	28004	38395
510	33236.26	28020	38397
511	33264.14	28037	38472
512	33306.62	28047	38477
513	33388.66	28047	38566
514	33453.58	28048	39270
515	33515.7	28267	39273
516	33554.34	28271	39279
517	33601.02	28320	39279
518	33647.24	28320	39290
519	33690.18	28321	39316
520	33721.28	28343	39331
521	33755.36	28343	39334
522	33824.9	28357	39346
523	33879.44	28357	39349
524	33927.68	28363	39376
525	33961.42	28368	39377
526	34009.8	28369	39390
527	34032.66	28525	39409
528	34057.18	28537	39409
529	34102.86	28544	39552
530	34132.72	28578	39705
531	34154.12	28586	39723
532	34178.98	28588	39739
533	34207.54	28591	39748
534	34258.58	28614	39856
535	34306.14	28640	39857
536	34347.24	28645	40021
537	34399.42	28646	40025
538	34454.06	28672	40084
539	34486.6	28672	40225
540	34548.2	28687	40225
541	34588.74	28801	40240
542	34662.36	28807	40248
543	34705.16	28811	40248
544	34797.8	28982	40258
545	34855.04	28986	40291
546	34924.26	28992	40313
547	34997.24	28993	40361
548	35045.58	29022	40361
549	35083.84	29046	40392
550	35151.02	29046	40413
551	35244.48	29057	40573
552	35281.2	29082	40574
553	35305.94	29172	40581
554	35342.16	29183	40582
555	35376.3	29183	40592
556	35429.5	29489	40599
557	35458.98	29660	40633
558	35519.6	29672	40656
559	35549.4	29675	40657
560	35601.42	29944	40658
561	35633.82	29955	40660
562	35729.28	29981	40660
563	35780.44	30061	40661
564	35834.86	30065	40662
565	35882.12	30187	40664
566	35925.5	30191	40668
567	35977.08	30238	40668
568	36025	30239	40673
569	36084.86	30242	40674
570	36125.02	30244	40684
571	36164.1	30244	40688
572	36209.82	30295	40705
573	36282.24	30296	40705
574	36313.3	30382	40746
575	36346.9	30394	40792
576	36395.16	30396	40961
577	36485.08	30637	40964
578	36522.3	31088	40977
579	36590.38	31090	40982
580	36626.68	31093	40982
581	36661.72	31104	40992
582	36720.44	31117	41084
583	36760.18	31138	41094
584	36812.32	31292	41101
585	36833.4	31293	41354
586	36882.34	31295	41354
587	36955.28	31297	41364
588	36996.36	31312	41370
589	37025.76	31331	41370
590	37079.96	31352	41420
591	37108.96	31353	41423
592	37151.62	31390	41433
593	37179.74	31448	41512
594	37211.26	31452	41541
595	37291.5	31477	41548
596	37360.92	31478	41557
597	37411.06	31496	41576
598	37439.82	31499	41576
599	37478.5	31500	41577
600	37535.06	31823	41603
601	37583.08	31877	41842
602	37617.26	31898	41900
603	37642.52	32004	41915
604	37701.38	32020	41936
605	37735.52	32236	41936
606	37782.18	32237	41962
607	37813.22	32312	41980
608	37840.98	32399	41983
609	37885.28	32667	41988
610	37944.78	32753	42017
611	37995.84	32753	42020
612	38050.52	32754	42358
613	38081	32771	42358
614	38135.44	32774	42360
615	38223.88	32776	42402
616	38268.74	32824	42402
617	38318.68	32826	42403
618	38352.82	33032	42403
619	38428.84	33156	42567
620	38448.02	33156	42568
621	38478.58	33256	42584
622	38507.56	33283	42615
623	38544.46	33287	42628
624	38595.52	33288	42631
625	38620.84	33296	42632
626	38673.58	33301	42643
627	38719.94	33385	42644
628	38756.24	33398	42650
629	38819.2	33413	42672
630	38848.1	33413	42913
631	38925.68	33504	42918
632	38952.42	33510	42925
633	38999.1	33519	42933
634	39035.88	33528	43016
635	39061.98	33571	43020
636	39117.22	33571	43044
637	39154.98	33573	43045
638	39218.2	33590	43046
639	39255.78	33595	43047
640	39303.4	33596	43050
641	39340.76	33851	43051
642	39403.66	33856	43066
643	39445.08	33884	43078
644	39513.52	33959	43097
645	39531.58	33978	43100
646	39574.44	34053	43101
647	39616.62	34079	43159
648	39656.12	34090	43243
649	39717.3	34686	43247
650	39741.7	34705	43249
651	39774.16	34705	43289
652	39811.64	34707	43374
653	39859.64	34718	43376
654	39890.52	34718	43394
655	39928.38	34723	43675
656	39988.62	34723	43699
657	40030.88	34753	43702
658	40079.7	34755	43801
659	40108.96	34766	43802
660	40176.32	34780	43861
661	40209.4	34814	43885
662	40271.1	34815	43915
663	40305.36	34829	43941
664	40343.06	34832	43941
665	40391.9	34833	44017
666	40425.36	34844	44020
667	40461.22	34858	44217
668	40517.8	34865	44324
669	40535.9	34972	44325
670	40576.94	35186	44333
671	40610.48	35194	44402
672	40651.06	35195	44412
673	40690.98	35402	44451
674	40753.9	35412	44618
675	40785.12	35414	44690
676	40824.5	35763	44721
677	40878.2	35801	44728
678	40896.98	35878	44744
679	40947.62	35972	44785
680	40979.66	35974	44826
681	41066.24	35976	44826
682	41106.28	35979	44846
683	41163.98	35990	44921
684	41209.02	36004	45015
685	41262.68	36091	45299
686	41299.18	36108	45300
687	41351.94	36110	45501
688	41377.5	36120	45509
689	41452.62	36121	45509
690	41508.1	36121	45510
691	41540.34	36121	45510
692	41599.46	36123	45549
693	41658.44	36127	45552
694	41720.14	36198	45575
695	41755.68	36200	45587
696	41804.58	36203	45602
697	41843.78	36419	45602
698	41904.5	36444	45632
699	41938.14	36448	45633
700	42004.96	36488	45673
701	42042.42	36520	45673
702	42076.04	36548	45678
703	42122.68	36564	45729
704	42153.68	36566	45730
705	42219.9	36566	45777
706	42252.7	36586	45777
707	42279.3	36589	45792
708	42329.98	36687	45794
709	42397.18	36698	45794
710	42416.28	36711	45796
711	42475.92	36765	46054
712	42494.22	36774	46085
713	42521.4	36791	46170
714	42553.34	36796	46173
715	42592.52	36820	46430
716	42667.5	36823	47184
717	42700.12	36964	47222
718	42734.3	36974	47225
719	42778.3	37127	47251
720	42797.52	37130	47272
721	42838.58	37130	47413
722	42896.72	37185	47561
723	42955.06	37188	47597
724	43003.72	37247	47600
725	43051.66	37249	47622
726	43091.74	37249	47624
727	43155.84	37257	47626
728	43178.52	37258	47635
729	43201.18	37264	47636
730	43234.68	37264	47636
731	43310.52	37267	47637
732	43333.1	37388	47707
733	43377.44	37401	47737
734	43432.26	37402	47744
735	43461.52	37405	47744
736	43497.68	37406	47751
737	43540.06	37406	47844
738	43586.76	37450	47847
739	43624.58	37712	47852
740	43647.58	37771	47866
741	43698.28	37773	47870
742	43731.56	37792	47883
743	43778.2	37793	47890
744	43833.68	37800	47891
745	43859.82	37807	47895
746	43879.64	37817	48085
747	43909.2	38001	48087
748	43951.74	38004	48436
749	44005.9	38004	48437
750	44026.44	38021	48439
751	44062.22	38081	48449
752	44082.1	38115	48456
753	44143.02	38116	48471
754	44195.16	38126	48559
755	44229.4	38315	48559
756	44252.82	38325	48560
757	44279.74	38738	48560
758	44347.44	38739	48576
759	44369.88	38742	48594
760	44460.3	38756	48624
761	44490.06	38768	48630
762	44525.76	38769	48663
763	44566.42	38770	48746
764	44605.4	38770	48769
765	44628.56	38939	48832
766	44661.46	38964	48838
767	44679.16	38967	48872
768	44730.42	39059	48939
769	44750.64	39059	48940
770	44786.26	39061	48978
771	44824.68	39082	48981
772	44864.4	39102	49098
773	44891.1	39123	49110
774	44938.98	39140	49118
775	44969.04	39147	49134
776	44991.86	39166	49137
777	45034.5	39364	49144
778	45060.02	39384	49156
779	45097.36	39384	49225
780	45131.46	39406	49545
781	45176.74	39436	49556
782	45207.64	39442	49621
783	45243.62	39586	49652
784	45279.86	39743	49687
785	45299.98	39793	49687
786	45336.72	39810	49702
787	45371.78	39907	49704
788	45411.3	40121	50233
789	45478.92	40135	50235
790	45504.58	40136	50235
791	45542.56	40188	50236
792	45570.52	40189	50245
793	45604.6	40258	50252
794	45630.34	40259	50255
795	45670.08	40278	50266
796	45717.38	40280	50291
797	45741.54	40282	50310
798	45777.24	40293	50370
799	45811.22	40374	50375
800	45834.66	40377	50376
801	45861.2	40400	50386
802	45900.32	40400	50389
803	45917.34	40400	50389
804	45949.26	40407	50425
805	45988.66	40497	50450
806	46031.24	40519	50464
807	46057.44	40522	50505
808	46080.04	40556	50576
809	46121.5	40558	50608
810	46150.44	40618	50624
811	46195.44	40621	50628
812	46242.88	40621	50850
813	46286.94	40778	51394
814	46316.3	40778	51395
815	46333.84	40819	51436
816	46382.72	40831	51436
817	46416.74	40909	51441
818	46447.22	40909	51460
819	46514.86	40914	51487
820	46534.5	40918	51489
821	46606.28	40994	51490
822	46635.98	41001	51502
823	46682	41049	51510
824	46706.32	41062	51512
825	46740.82	41062	51538
826	46769.06	41063	51561
827	46784.7	41075	51568
828	46814.3	41086	51582
829	46888.9	41086	51586
830	46935.34	41089	51587
831	46959.56	41095	51590
832	46986.08	41395	51591
833	47030.02	41395	51664
834	47088.16	41398	51666
835	47117.58	41402	51666
836	47167.08	41430	52076
837	47228.36	41532	52077
838	47277.62	41536	52395
839	47315.3	41540	52395
840	47335.42	41549	52400
841	47369.1	41625	52402
842	47403.94	41628	52402
843	47432.66	41629	52403
844	47458.1	41641	52425
845	47498.18	41641	52427
846	47520.92	41644	52452
847	47560.5	41655	52493
848	47603.46	41683	52493
849	47632.96	41698	52633
850	47663.96	41917	52633
851	47705.32	41935	52639
852	47746.14	41971	52680
853	47772.58	41976	52681
854	47802.96	41978	52792
855	47834.98	42255	52935
856	47849.22	42256	52935
857	47888.6	42929	52965
858	47938.58	43062	52969
859	47998.98	43062	52975
860	48030.92	43063	53198
861	48093.34	43093	53218
862	48154.48	43100	53220
863	48182.6	43170	53223
864	48223.72	43171	53271
865	48277.04	43174	53316
866	48312.26	43180	53316
867	48347.74	43190	53317
868	48401.14	43191	53343
869	48482.6	43226	53372
870	48519.3	43308	53373
871	48577.74	43477	53391
872	48616.08	43486	53426
873	48643.14	43497	53530
874	48685.74	43498	53534
875	48748.14	43498	53535
876	48832.76	43498	53915
877	48857.38	43507	53916
878	48884.68	43515	53916
879	48916.58	43585	53917
880	48946.86	43586	53917
881	48993.64	43983	53920
882	49024.92	43993	53953
883	49067.5	43993	53953
884	49106.74	44006	53954
885	49146.34	44007	53974
886	49188.1	44187	53976
887	49219.18	44191	53976
888	49243.44	44193	53976
889	49299.26	44204	53976
890	49342.74	44331	54009
891	49385.14	44333	54017
892	49420.1	44340	54049
893	49447.34	44341	54066
894	49489.88	44343	54423
895	49537.02	44345	54450
896	49568.36	44346	54451
897	49599.62	44346	54451
898	49627.26	44346	54455
899	49656.96	44370	54456
900	49701.42	44379	54460
901	49747.26	44379	54463
902	49807.06	44385	54468
903	49874.24	44385	54468
904	49913.52	44385	54482
905	49959.6	44392	54529
906	49998.02	44392	54529
907	50030.8	44393	54570
908	50050.38	44393	54570
909	50132.02	45083	54570
910	50173.7	45169	54606
911	50203.52	45231	54654
912	50239.5	45262	54662
913	50291.24	45490	54700
914	50340.24	45492	54776
915	50359.6	45506	54778
916	50396	45511	54883
917	50472.36	45512	54942
918	50500.86	45523	54963
919	50525.58	45535	55116
920	50561.26	45537	55235
921	50614.48	45538	55271
922	50654.7	45586	55414
923	50697.1	45608	55427
924	50727.82	45616	55534
925	50772.16	45617	55541
926	50809.36	45620	55544
927	50879.7	45622	55546
928	50899.9	45622	55547
929	50929.52	45624	55597
930	50973.9	45624	55649
931	50999.9	45627	55649
932	51038.62	45628	55882
933	51058.24	45745	55908
934	51127.08	46302	55908
935	51195.6	46304	56021
936	51250.96	46304	56022
937	51284.44	46306	56048
938	51309	46315	56103
939	51347.26	46346	56222
940	51395.7	46348	56223
941	51437.42	46356	56223
942	51473.22	46371	56231
943	51507.44	46428	56233
944	51542.56	46441	56237
945	51592.82	46454	56238
946	51618.46	46454	56248
947	51645.84	46455	56248
948	51667.1	46465	56270
949	51687.38	46497	56271
950	51718.62	46501	56275
951	51743.36	46506	56282
952	51782.34	46506	56524
953	51809.24	46508	56525
954	51830.2	46509	56531
955	51857.68	46710	56917
956	51887.34	46730	57076
957	51935.96	47010	57200
958	51969.32	47052	57214
959	52005.48	47056	57475
960	52037.3	47056	57476
961	52079.56	47062	57476
962	52103.36	47063	57480
963	52125.8	47065	57481
964	52169.54	47066	57523
965	52183.3	47115	57527
966	52219.92	47116	57538
967	52254.56	47118	57573
968	52323.3	47119	57591
969	52348.02	47122	57671
970	52382.62	47151	57867
971	52411.14	47157	57871
972	52452.28	47235	57876
973	52493.22	47250	57882
974	52535.38	47251	58032
975	52584.5	47272	58034
976	52616.44	47293	58054
977	52670.44	47416	58275
978	52703.06	47422	58304
979	52742.66	47503	58312
980	52773.84	47507	58326
981	52808.76	47517	58330
982	52841.7	47551	58331
983	52871.76	47631	58352
984	52891.12	47653	58375
985	52915.32	47657	58382
986	52947.76	47660	58466
987	52971.16	47663	58468
988	53027.78	47682	58470
989	53063.28	47688	58472
990	53101.68	47738	58473
991	53150.16	47744	58758
992	53180.42	47755	58759
993	53238.68	47757	58762
994	53280.94	47789	58788
995	53318.76	47820	58788
996	53350.78	47820	58825
997	53405.74	47833	58927
998	53421.22	47841	58935
999	53440.86	47843	58939
1000	53509.04	48465	58948
1001	53551.82	48484	58981
1002	53578.38	48486	58986
1003	53615.22	48494	58994
1004	53642.6	48499	59010
1005	53669.68	48576	59010
1006	53709.54	48577	59041
1007	53746.72	48611	59065
1008	53788.68	48612	59068
1009	53824.3	48612	59074
1010	53846.88	48612	59107
1011	53869.14	48617	59114
1012	53899.1	48617	59114
1013	53978.26	48811	59120
1014	54004.18	48812	59170
1015	54049.38	48816	59256
1016	54089.52	48954	59312
1017	54113.26	48958	59313
1018	54148.96	48991	59313
1019	54185.36	48997	59327
1020	54204.56	48997	59338
1021	54247.26	49076	59361
1022	54277.62	49085	59363
1023	54294.92	49099	59367
1024	54325.86	49110	59374
1025	54368.32	49113	59396
1026	54385.64	49200	59399
1027	54413.64	49207	59421
1028	54475.54	49208	59423
1029	54491.96	49229	59424
1030	54542	49232	59426
1031	54597.3	49252	59426
1032	54623.88	49260	59444
1033	54661.56	49330	59466
1034	54681.76	49330	59570
1035	54706.5	49401	59578
1036	54732.14	49401	59594
1037	54775.96	49457	59634
1038	54795.86	49459	59642
1039	54830.22	49459	59642
1040	54866.24	49461	59646
1041	54897.6	49462	59660
1042	54943.32	49462	59664
1043	55018.34	49463	59665
1044	55053.18	49582	59843
1045	55085.5	49815	59846
1046	55106.58	49826	59874
1047	55130.26	49846	59875
1048	55183.56	50060	59877
1049	55213.34	50073	59879
1050	55273.6	50097	59879
1051	55309.94	50097	59924
1052	55355.82	50101	59926
1053	55390.74	50101	59962
1054	55417.34	50101	59982
1055	55435.16	50101	60038
1056	55457.52	50109	60038
1057	55480.48	50109	60056
1058	55572.42	50976	60070
1059	55595.3	51031	60070
1060	55630.86	51068	60070
1061	55660.02	51073	60184
1062	55690.3	51073	60185
1063	55762.34	51074	60430
1064	55795.64	51090	60431
1065	55824.54	51245	60431
1066	55867.68	51250	60431
1067	55894.42	51254	60442
1068	55916.84	51283	60442
1069	55942.58	51284	60449
1070	55967.36	51289	60451
1071	56000.82	51361	60883
1072	56045.3	51435	60884
1073	56066.46	51738	60885
1074	56095.64	51739	60894
1075	56116	51739	60895
1076	56145.18	51758	60898
1077	56168.02	51759	60914
1078	56200.64	51760	60915
1079	56220.92	51767	60962
1080	56248.34	51768	60991
1081	56266.24	51769	60991
1082	56336.62	51776	60992
1083	56376.78	51972	60994
1084	56426.06	51985	61490
1085	56466.7	52135	61494
1086	56485.38	52161	61494
1087	56525.94	52167	61524
1088	56583.78	52169	61525
1089	56617.18	52226	61529
1090	56643.76	52236	61534
1091	56668.36	52253	61534
1092	56702.38	52267	61535
1093	56726.54	52267	61608
1094	56756.94	52268	61749
1095	56796.98	52521	61754
1096	56848.48	52521	61768
1097	56873.3	52523	61775
1098	56902.48	52523	61804
1099	56917.66	52529	61805
1100	56950	52529	61815
1101	56974.54	52619	61829
1102	57007.6	52621	61829
1103	57062.94	52621	61838
1104	57095.88	52623	62049
1105	57121	52645	62058
1106	57142.96	52678	62063
1107	57204.4	52684	62468
1108	57252.52	52696	62569
1109	57269.6	52790	62570
1110	57295.52	53002	62587
1111	57349.2	53016	62924
1112	57366.08	53018	63020
1113	57431.4	53020	63021
1114	57455.06	53023	63027
1115	57483.18	53028	63102
1116	57518.74	53068	63103
1117	57550.44	53081	63108
1118	57593.54	53083	63211
1119	57631.44	53086	63211
1120	57649.04	53102	63212
1121	57670.92	53121	63231
1122	57701.86	53122	63246
1123	57725.74	53125	63284
1124	57790.12	53125	63290
1125	57825.56	53171	63324
1126	57844.38	53171	63324
1127	57865.14	53175	63354
1128	57878.06	53195	63360
1129	57908.12	53427	63364
1130	57948.34	53431	63365
1131	58021.5	54365	63373
1132	58059.76	54368	63381
1133	58098.78	54368	63398
1134	58125.48	54368	63425
1135	58162.1	54375	63431
1136	58180.38	54403	63432
1137	58217.7	54414	63460
1138	58242.9	54453	63460
1139	58266.76	54453	63494
1140	58294.8	54457	63505
1141	58327.98	54462	63510
1142	58387.34	54692	63510
1143	58426.48	54730	63525
1144	58451.18	54826	63555
1145	58475.14	54849	63620
1146	58511.94	54850	63620
1147	58539.92	54863	63621
1148	58582.38	54882	63672
1149	58617.72	55002	63675
1150	58640.48	55013	63676
1151	58678.42	55013	63715
1152	58724.06	55063	63779
1153	58765.52	55110	63780
1154	58796.96	55110	63787
1155	58841.78	55368	63787
1156	58870.46	55368	63787
1157	58903.56	55463	63787
1158	58923.4	55526	63807
1159	58951	55529	63814
1160	58982.6	55546	63814
1161	59027.6	55548	63838
1162	59061.02	55573	63838
1163	59094.3	55586	63839
1164	59143.42	55607	63918
1165	59175.32	55609	63957
1166	59202.54	55613	63960
1167	59239.14	55767	63961
1168	59257.48	55785	63965
1169	59280.58	55786	63966
1170	59309.08	55855	63971
1171	59347.78	55871	64395
1172	59408.22	55874	64396
1173	59464.56	55879	64400
1174	59490.7	55892	64417
1175	59515.86	55892	64417
1176	59530.82	55899	64419
1177	59549.28	55910	64425
1178	59582.48	55917	64433
1179	59626.16	55992	64442
1180	59670.64	55993	64442
1181	59712.58	55995	64538
1182	59735	55996	64565
1183	59771.36	56007	64565
1184	59801.28	56007	64579
1185	59842.36	56016	64580
1186	59877.66	56023	64588
1187	59914.28	56032	64589
1188	59946.42	56037	64590
1189	59966.62	56046	64591
1190	59991.12	56051	64617
1191	60034.08	56059	64630
1192	60058.96	56062	64659
1193	60081.96	56068	64790
1194	60115.08	56070	64790
1195	60160.64	56122	64790
1196	60189.16	56143	64803
1197	60214.14	56145	64912
1198	60237.5	56163	64958
1199	60265.76	56166	64970
1200	60301.42	56191	64978
1201	60324.96	56191	64978
1202	60374.96	56208	64988
1203	60416.54	56270	64994
1204	60442.4	56274	65059
1205	60479.9	56285	65075
1206	60521.42	56291	65075
1207	60550.12	56294	65087
1208	60574.56	56373	65106
1209	60601.42	56388	65106
1210	60631.32	56394	65108
1211	60674.88	56398	65159
1212	60716.16	56426	65274
1213	60754.44	56426	65282
1214	60820.52	56436	65284
1215	60850.5	56440	65347
1216	60888.8	56449	65349
1217	60908.4	56449	65414
1218	60944.3	56454	65417
1219	60971.04	56464	65417
1220	60992.16	56626	65418
1221	61014.68	56627	65433
1222	61037.28	56628	65436
1223	61071	56828	65471
1224	61092.54	56850	65471
1225	61118.62	56884	65499
1226	61150.22	56886	65509
1227	61181.64	56961	65653
1228	61216.62	56966	65653
1229	61262.04	57288	65756
1230	61286.36	57317	65757
1231	61303.94	57354	65760
1232	61340.9	57356	65788
1233	61379.4	57361	65796
1234	61464.38	57384	65799
1235	61494.78	57421	65817
1236	61532.8	57445	65821
1237	61562.76	57449	65824
1238	61605.6	57463	66135
1239	61641.3	57536	66135
1240	61671.18	57537	66136
1241	61700.92	57595	66136
1242	61732.76	57714	66136
1243	61772.36	57714	66140
1244	61820.36	57715	66140
1245	61855.98	57728	66151
1246	61882.18	57943	66151
1247	61945.86	57943	66363
1248	61982.82	57951	66364
1249	62012.56	57952	66372
1250	62043.28	58093	66373
1251	62069.96	58143	66375
1252	62095.16	58146	66375
1253	62116.8	58146	66388
1254	62138.48	58147	66462
1255	62211.54	58153	66464
1256	62268.58	58162	66464
1257	62300.32	58163	66470
1258	62320.44	58174	66496
1259	62334.54	58185	66498
1260	62359.66	58187	66798
1261	62381.92	58193	66805
1262	62433.42	58194	66806
1263	62454.18	58195	66807
1264	62478.34	58197	66808
1265	62496.44	58206	66822
1266	62528.02	58206	66824
1267	62572.6	58225	66838
1268	62603.6	58225	66839
1269	62655.46	58230	66854
1270	62696.48	58411	66856
1271	62750.4	58418	66918
1272	62787.34	58420	66966
1273	62813.46	58455	66972
1274	62841.7	58463	66975
1275	62891.98	58468	67029
1276	62916.12	58499	67030
1277	62957	58520	67041
1278	62984.02	58522	67043
1279	63004.28	58524	67043
1280	63029.12	58541	67046
1281	63051.54	58552	67046
1282	63085.36	58552	67050
1283	63105.5	58555	67051
1284	63138.22	58631	67060
1285	63176.68	58638	67060
1286	63210.06	58652	67062
1287	63238.36	58659	67072
1288	63255.76	58659	67075
1289	63312.88	58662	67075
1290	63352.9	58662	67081
1291	63399.98	58697	67101
1292	63422.14	58742	67102
1293	63445.62	58743	67107
1294	63472.82	58773	67108
1295	63499.2	58775	67140
1296	63514.34	58828	67141
1297	63538.56	58880	67152
1298	63565.5	58939	67205
1299	63596.86	58956	67215
1300	63627.82	58957	67373
1301	63681.66	58977	67629
1302	63708.56	58980	67747
1303	63743.18	58987	67859
1304	63765.54	58990	67861
1305	63794.96	58998	67867
1306	63815.24	58998	67871
1307	63837.28	59006	67879
1308	63881.24	59065	68051
1309	63896.54	59066	68067
1310	63920.74	59079	68067
1311	63942.22	59079	68132
1312	63973.84	59079	68133
1313	64007.94	59079	68135
1314	64063.86	59218	68136
1315	64096.42	59218	68219
1316	64141.74	59372	68288
1317	64157.36	59376	68288
1318	64174.98	59376	68294
1319	64200.94	59379	68296
1320	64250.44	59382	68296
1321	64302.62	59385	68298
1322	64334.54	59515	68300
1323	64355.24	59526	68304
1324	64386.9	59726	68305
1325	64405.82	59738	68306
1326	64450.16	59740	68319
1327	64487.72	59740	68322
1328	64499.84	59791	68327
1329	64525	59877	68327
1330	64557.92	59879	68327
1331	64580.48	60176	68331
1332	64596.1	60176	68331
1333	64632.74	60182	68337
1334	64658.72	60183	68339
1335	64689.68	60260	68350
1336	64738.74	60262	68351
1337	64765.82	60362	68481
1338	64797.1	60429	68489
1339	64814.68	60430	68489
1340	64854.2	60494	68538
1341	64897.06	60617	68552
1342	64932.44	60620	68573
1343	64965.94	60716	68588
1344	65002.2	60722	68597
1345	65039.64	60738	68605
1346	65094.56	60800	68608
1347	65122.66	60803	68609
1348	65141.5	60804	68617
1349	65173.74	60824	68617
1350	65188.12	60824	68630
1351	65206.28	60854	68646
1352	65232.66	60867	68726
1353	65255.22	60873	68760
1354	65289.34	60877	68848
1355	65323.98	60919	68849
1356	65345.6	60924	68947
1357	65373.72	60930	68948
1358	65391.94	60945	69161
1359	65428.26	60947	69163
1360	65458.72	61013	69175
1361	65495.66	61013	69215
1362	65561.52	61049	69371
1363	65588.1	61176	69393
1364	65616.76	61180	69394
1365	65643.32	61189	69397
1366	65676.04	61193	69400
1367	65714.94	61194	69688
1368	65760.62	61204	69727
1369	65787.74	61204	69728
1370	65817.78	61229	69869
1371	65855.04	61230	69902
1372	65895.78	61230	69932
1373	65933.48	61372	69966
1374	65958.52	61381	69979
1375	65980.28	61381	69997
1376	66009.64	61383	70078
1377	66039.98	61435	70079
1378	66066.6	61471	70101
1379	66089.72	61471	70102
1380	66122.92	61536	70149
1381	66156.32	61536	70150
1382	66193.86	61540	70184
1383	66214.34	61541	70185
1384	66227.06	61569	70290
1385	66269.54	61571	70305
1386	66294.16	61573	70306
1387	66335.42	61573	70393
1388	66354.5	61574	70427
1389	66395.02	61575	70508
1390	66410.04	61579	70510
1391	66443.98	61827	70510
1392	66480.42	61827	70510
1393	66521.04	61914	70525
1394	66596.28	61946	70526
1395	66623.34	61963	70526
1396	66653.66	62027	70526
1397	66693.26	62098	70556
1398	66740.78	62098	70556
1399	66761.84	62113	70556
1400	66797.5	62328	70571
1401	66833.18	62335	70582
1402	66855.42	62341	70583
1403	66881.28	62351	70583
1404	66933.66	62489	70585
1405	66976.36	62489	70585
1406	67021.44	62489	70586
1407	67063.4	62489	70587
1408	67095.82	62489	70616
1409	67112.56	62497	70636
1410	67149.58	62552	70636
1411	67181.58	62570	70653
1412	67201.68	62579	70656
1413	67238.12	62587	70661
1414	67270.08	62596	70674
1415	67293.1	62597	70676
1416	67322.88	62613	70772
1417	67389.98	62643	70772
1418	67415.16	62643	70840
1419	67434.58	62646	70841
1420	67462.02	62648	70850
1421	67506.84	62648	70891
1422	67534.74	62707	70914
1423	67555.02	62719	70931
1424	67598.5	62729	70933
1425	67625.74	62730	70934
1426	67648	62732	70966
1427	67680.74	62738	70967
1428	67720.26	62738	70971
1429	67745.48	62744	71004
1430	67761.02	62747	71021
1431	67786.84	62784	71059
1432	67806.3	62785	71072
1433	67826.58	62787	71073
1434	67853.04	62804	71116
1435	67890.66	62978	71271
1436	67925.88	62978	71326
1437	67985.3	63029	71375
1438	68008.18	63035	71385
1439	68025.9	63080	71428
1440	68046.52	63130	71432
1441	68075.44	63134	71433
1442	68106.58	63148	71462
1443	68119.6	63161	71469
1444	68139.78	63164	71470
1445	68166.54	63166	71474
1446	68204.08	63209	71550
1447	68256.28	63209	71551
1448	68312.9	63473	71656
1449	68359.5	63473	71806
1450	68383.82	63474	71817
1451	68427.9	63482	71953
1452	68475.32	63482	71955
1453	68494.82	63519	71956
1454	68521.4	63521	72125
1455	68536.14	63541	72125
1456	68570.64	63542	72339
1457	68594.7	63589	72367
1458	68606.98	63612	72368
1459	68634.74	63613	72422
1460	68670.26	63614	72422
1461	68697.34	63614	72424
1462	68756.64	63617	72723
1463	68831.28	63617	72727
1464	68873.56	63697	72736
1465	68909.98	63709	72786
1466	68933.5	63981	72789
1467	68971.2	63986	72802
1468	68996.6	63987	72828
1469	69018.88	64010	72836
1470	69035.18	64015	72838
1471	69054.74	64015	72838
1472	69110.64	64015	72877
1473	69137.72	64017	72878
1474	69161.86	64018	72895
1475	69188.2	64060	73007
1476	69221.7	64072	73010
1477	69244.7	64074	73010
1478	69280.72	64076	73010
1479	69305.32	64078	73024
1480	69327.5	64078	73033
1481	69349.98	64090	73052
1482	69381.62	64097	73246
1483	69422.46	64285	73249
1484	69440.5	64325	73255
1485	69480.56	64328	73263
1486	69510.06	64347	73264
1487	69551.02	64387	73296
1488	69576.18	64407	73297
1489	69635.2	64414	73362
1490	69681.76	64414	73763
1491	69704.14	64414	73764
1492	69750.72	64621	73766
1493	69767.02	64623	73985
1494	69798.96	64623	73996
1495	69818.58	64624	74001
1496	69849.14	64737	74021
1497	69870.1	64756	74023
1498	69893.4	64758	74025
1499	69912.34	64758	74036
1500	69939.4	64761	74037
1501	69960.08	64766	74051
1502	69994.64	64770	74051
1503	70023.22	64771	74062
1504	70041.32	64828	74073
1505	70061.54	64834	74073
1506	70084.64	64834	74260
1507	70121.32	64835	74263
1508	70140.1	64836	74272
1509	70174.3	64836	74273
1510	70207.44	64849	74273
1511	70240.9	64850	74280
1512	70270.74	64874	74290
1513	70296.64	64899	74297
1514	70320.26	64932	74298
1515	70339.32	64932	74314
1516	70358.12	64935	74314
1517	70386.76	64938	74316
1518	70404.5	64940	74316
1519	70430.8	64940	74354
1520	70457.6	64940	74354
1521	70473.86	64953	74375
1522	70505.34	64953	74387
1523	70551.24	64968	74387
1524	70594.58	65102	74437
1525	70623.56	65102	74449
1526	70645.58	65103	74692
1527	70666.2	65128	74693
1528	70683.32	65152	74693
1529	70712.2	65186	74695
1530	70749.76	65188	74717
1531	70768.62	65203	74732
1532	70790.7	65205	74815
1533	70816.4	65324	74815
1534	70833.12	65328	74945
1535	70854.04	65348	74960
1536	70900	65356	74963
1537	70941.34	65382	74971
1538	70967.64	65419	75146
1539	70995.32	65419	75174
1540	71028.84	65459	75178
1541	71044.4	65465	75178
1542	71085	65465	75179
1543	71108.54	65473	75195
1544	71124.9	65473	75200
1545	71158.62	65484	75203
1546	71184.44	65492	75218
1547	71205.44	65498	75218
1548	71252.14	65512	75379
1549	71283.56	65545	75379
1550	71321.98	65545	75470
1551	71361.82	65545	75781
1552	71393.84	65575	75796
1553	71417.22	65769	75798
1554	71448.88	66074	75798
1555	71470.96	66074	75803
1556	71495.34	66090	75817
1557	71519.46	66103	75817
1558	71535.96	66116	75878
1559	71564.64	66121	75881
1560	71583.12	66121	75897
1561	71618.64	66137	75897
1562	71652.84	66179	75908
1563	71667.22	66183	75908
1564	71686.4	66183	75919
1565	71714.56	66217	75920
1566	71748.32	66424	75920
1567	71777.96	66427	75921
1568	71795.56	66429	75926
1569	71825.2	66523	75926
1570	71838.74	66528	75926
1571	71884.5	66548	75929
1572	71904.7	66556	75939
1573	71927.64	66565	75945
1574	71947.66	66592	76007
1575	71987.24	66618	76032
1576	72007.98	66647	76142
1577	72042.1	66658	76184
1578	72065.68	66658	76192
1579	72088.56	66680	76194
1580	72134.78	66680	76194
1581	72167.5	66681	76195
1582	72189.08	66693	76197
1583	72205.96	66696	76198
1584	72215.76	66713	76210
1585	72230.22	66715	76212
1586	72243.62	66722	76217
1587	72268.42	66722	76222
1588	72300.16	66729	76273
1589	72332.92	66767	76290
1590	72358.5	66771	76291
1591	72382.5	66791	76291
1592	72400.02	66797	76307
1593	72440.34	66960	76315
1594	72471.36	67084	76316
1595	72482.46	67109	76364
1596	72497.68	67138	76365
1597	72539.12	67171	76371
1598	72562.22	67172	76385
1599	72596.76	67242	76395
1600	72616.9	67323	76396
1601	72642.92	67336	76411
1602	72680.52	67343	76419
1603	72715.76	67352	76509
1604	72755.24	67368	76536
1605	72811.82	67743	76539
1606	72851.16	67746	76548
1607	72870.42	67747	76566
1608	72896.2	67752	76590
1609	72924.06	67754	76590
1610	72941.14	67756	76618
1611	72971.78	68135	76628
1612	72991.3	68136	76628
1613	73013.98	68142	76743
1614	73031.98	68143	76754
1615	73049	68145	76770
1616	73091.74	68168	76777
1617	73111.62	68186	76778
1618	73149.78	68187	76804
1619	73184.32	68199	76817
1620	73221.34	68220	76843
1621	73249.7	68220	76849
1622	73272.86	68236	76850
1623	73300.3	68262	76851
1624	73355.48	68269	76861
1625	73378.44	68271	76865
1626	73419.96	68272	76866
1627	73445.42	68430	76870
1628	73467.06	68431	76915
1629	73483.76	68442	76927
1630	73509.52	68444	76946
1631	73543.78	68449	76946
1632	73564.38	68519	76947
1633	73589.68	68526	76983
1634	73596.4	68527	76987
1635	73628.68	68532	76987
1636	73658.38	68532	77001
1637	73678.7	68553	77012
1638	73696.84	68590	77015
1639	73717.84	68590	77024
1640	73793.44	68601	77047
1641	73818.54	68631	77047
1642	73846.72	68631	77063
1643	73862.52	68633	77104
1644	73905.58	68637	77403
1645	73929.42	68649	77407
1646	73952.84	68662	77450
1647	73968.84	68662	77452
1648	73989.88	68671	77468
1649	74006.54	68676	77478
1650	74024.74	68684	77479
1651	74051.06	68693	77500
1652	74088.84	68693	77554
1653	74115.78	68693	77716
1654	74144.92	68897	77728
1655	74181.5	68911	77758
1656	74213.78	68913	77762
1657	74237.3	68914	77763
1658	74259.74	68919	77763
1659	74290.62	68920	77770
1660	74307.94	68923	77844
1661	74322.3	68960	77844
1662	74332.74	68961	77859
1663	74350.6	68961	78006
1664	74373.92	69088	78008
1665	74412.74	70265	78012
1666	74436.92	70268	78014
1667	74457.9	70284	78214
1668	74477.2	70286	78237
1669	74497.96	70286	78248
1670	74508.06	70306	78351
1671	74524.72	70341	78363
1672	74542.74	70344	78381
1673	74573.66	70345	78398
1674	74605.32	70360	78564
1675	74642.32	70363	78571
1676	74658.66	70363	78577
1677	74697.56	70363	78578
1678	74712.56	70385	78600
1679	74753.74	70389	78602
1680	74779.74	70390	78619
1681	74844.3	70393	78622
1682	74880.56	70406	78789
1683	74931.46	70426	78888
1684	74951.5	70434	78894
1685	74973.9	70457	78969
1686	75005.44	70458	79006
1687	75023.24	70460	79034
1688	75043.4	70462	79035
1689	75074.1	70572	79036
1690	75091.04	70572	79038
1691	75108.44	70572	79100
1692	75139.42	70639	79118
1693	75165.48	70646	79127
1694	75184.76	70667	79142
1695	75207.6	70668	79151
1696	75238.14	70774	79158
1697	75268.28	70774	79174
1698	75293.14	70774	79199
1699	75320.66	70774	79199
1700	75356.92	70927	79215
1701	75373.4	70928	79348
1702	75388.82	70949	79348
1703	75405.84	70949	79388
1704	75427.42	70952	79396
1705	75438.84	70953	79397
1706	75470.16	71041	79416
1707	75497.24	71047	79536
1708	75519.92	71126	79546
1709	75571.24	71228	79546
1710	75598.6	71276	79575
1711	75624.42	71278	79576
1712	75646.86	71278	79617
1713	75670.2	71300	79619
1714	75701.28	71316	79626
1715	75728.56	71389	79792
1716	75757.7	71401	79792
1717	75781.36	71457	79792
1718	75803.48	71479	79800
1719	75824.66	71491	79821
1720	75859.32	71493	79884
1721	75875.54	71512	79909
1722	75917.24	71545	80014
1723	75951.62	71547	80016
1724	75973.28	71550	80065
1725	76003.8	71586	80093
1726	76029.78	71586	80098
1727	76051.5	71588	80105
1728	76083.92	71605	80119
1729	76122.36	71612	80172
1730	76149.62	71660	80189
1731	76170.14	71663	80252
1732	76196.24	71675	80285
1733	76222.74	71675	80285
1734	76239.72	71684	80304
1735	76262.94	71749	80326
1736	76279.52	71757	80347
1737	76307.8	71768	80354
1738	76336.24	71769	80354
1739	76358.92	71810	80363
1740	76406.56	71832	80367
1741	76434.52	71838	80367
1742	76470.74	71842	80374
1743	76484.7	71848	80378
1744	76527.76	71848	80379
1745	76544.94	71848	80384
1746	76585.86	71848	80401
1747	76600.66	71854	80410
1748	76624.32	71859	80410
1749	76659.86	71863	80410
1750	76673.76	71871	80410
1751	76707.28	71871	80411
1752	76729.54	71945	80475
1753	76758.78	71949	80509
1754	76776.28	71950	80509
1755	76798.54	71951	80530
1756	76815.76	71963	80579
1757	76849.08	71984	80582
1758	76869	71986	80583
1759	76890.5	71999	80589
1760	76904.92	72000	80589
1761	76929.94	72022	80589
1762	76956.7	72045	80744
1763	76974.04	72046	80764
1764	77021.08	72052	80855
1765	77039.86	72067	80855
1766	77081.6	72070	80859
1767	77101.94	72076	81098
1768	77116.06	72076	81254
1769	77139.34	72077	81270
1770	77165.1	72079	81276
1771	77185.82	72092	81278
1772	77198.16	72094	81283
1773	77236.64	72335	81330
1774	77263.16	72335	81336
1775	77286.64	72339	81337
1776	77312.3	72339	81352
1777	77328.2	72340	81356
1778	77349.82	72348	81500
1779	77365.74	72349	81501
1780	77385.02	72355	81514
1781	77422.96	72490	81524
1782	77440.52	72491	81539
1783	77463.12	72491	81558
1784	77514.36	72491	81558
1785	77537.02	72500	81624
1786	77553.56	72501	81625
1787	77582.1	72503	81657
1788	77601.56	72516	81657
1789	77626.28	72525	81664
1790	77665.24	72525	81668
1791	77685.96	72526	81676
1792	77710.02	72527	81731
1793	77738.46	72559	81738
1794	77757.32	72788	81738
1795	77781.8	72793	81738
1796	77806.2	72793	81746
1797	77851.9	72793	81748
1798	77875.58	72810	81755
1799	77896.16	72827	81762
1800	77922.02	72871	81762
1801	77940.8	72928	81767
1802	77954.9	72938	81770
1803	77980.84	72951	81771
1804	78016.02	72952	81944
1805	78046.66	72982	81945
1806	78076.64	72988	82019
1807	78101.38	72989	82021
1808	78129.92	72993	82031
1809	78161.88	72996	82034
1810	78180.64	72997	82034
1811	78201.22	73036	82037
1812	78220.72	73044	82094
1813	78247.26	73044	82096
1814	78271.84	73051	82096
1815	78303.98	73051	82110
1816	78326.86	73053	82146
1817	78350.66	73054	82148
1818	78371.5	73066	82150
1819	78420.64	73104	82151
1820	78438.32	73266	82158
1821	78457.34	73285	82259
1822	78502.8	73287	82298
1823	78541.68	73288	82319
1824	78564.2	73295	82364
1825	78589.78	73299	82366
1826	78596.8	73299	82366
1827	78620.2	73336	82372
1828	78662.66	74388	82383
1829	78694.52	74476	82383
1830	78722.86	74476	82383
1831	78755.36	74477	82383
1832	78776.44	74483	82490
1833	78797.84	74491	82545
1834	78821.5	74493	82587
1835	78857.52	74520	82643
1836	78897.12	74545	82645
1837	78925.78	74548	82652
1838	78942.56	74548	82652
1839	78965.2	74550	82757
1840	78990.26	74550	82757
1841	79020.88	74550	82759
1842	79051.64	74553	82762
1843	79085.9	74757	82762
1844	79109.58	74783	82765
1845	79139.3	74799	82776
1846	79161	74800	82959
1847	79178.42	74803	82990
1848	79194.76	74973	83026
1849	79214.24	74974	83027
1850	79240.34	74993	83028
1851	79256.72	75005	83029
1852	79274.82	75009	83072
1853	79293.32	75091	83079
1854	79314	75100	83085
1855	79334.08	75103	83086
1856	79358.18	75106	83087
1857	79378.26	75109	83091
1858	79398.9	75112	83092
1859	79418	75145	83093
1860	79443.18	75175	83124
1861	79492.54	75178	83142
1862	79527.06	75190	83147
1863	79542.36	75245	83148
1864	79557.12	75245	83149
1865	79591.34	75247	83186
1866	79607.2	75250	83239
1867	79631.84	75309	83241
1868	79645.52	75309	83241
1869	79681	75341	83301
1870	79700.94	75475	83320
1871	79742.46	75856	83322
1872	79761.02	75856	83338
1873	79776.4	75861	83338
1874	79800.74	75877	83340
1875	79822.96	75879	83344
1876	79843.18	75887	83344
1877	79868.92	75890	83377
1878	79876.28	75890	83395
1879	79893.74	75894	83407
1880	79913.92	75993	83413
1881	79927.98	76000	83440
1882	79970.42	76136	83440
1883	80002.32	76146	83455
1884	80021.34	76147	83479
1885	80037.32	76147	83622
1886	80074.24	76150	83670
1887	80094.38	76150	83676
1888	80117.26	76159	83684
1889	80147.7	76159	83880
1890	80170.02	76159	83888
1891	80201.94	76206	83888
1892	80229.06	76215	83888
1893	80256.14	76241	83900
1894	80291.82	76335	83901
1895	80329.62	76353	83902
1896	80358.58	76362	83921
1897	80385.34	76365	83921
1898	80412.28	76374	83921
1899	80433.66	76393	83948
1900	80446.42	76393	83951
1901	80459.4	76394	83962
1902	80489.44	76398	83975
1903	80520.54	76399	84005
1904	80567.08	76408	84016
1905	80595.32	76424	84019
1906	80649.74	76424	84034
1907	80685.82	76615	84039
1908	80705.68	76615	84058
1909	80731.04	76616	84062
1910	80752.68	76618	84062
1911	80773.44	76660	84066
1912	80800.7	76660	84067
1913	80813.94	76662	84070
1914	80834.24	76671	84070
1915	80886.26	76793	84092
1916	80911.44	76902	84092
1917	80922.9	76920	84096
1918	80943.94	76926	84101
1919	80973.46	76926	84102
1920	80994	76960	84139
1921	81026.2	76960	84139
1922	81056.66	77002	84143
1923	81073.54	77013	84189
1924	81100.68	77015	84192
1925	81120.7	77026	84192
1926	81149.26	77041	84192
1927	81170.64	77059	84194
1928	81190.28	77060	84260
1929	81205.3	77075	84284
1930	81222.66	77078	84284
1931	81257	77103	84284
1932	81270.4	77103	84285
1933	81302.88	77128	84302
1934	81328.28	77152	84302
1935	81356.24	77152	84302
1936	81380.6	77154	84305
1937	81406.88	77155	84314
1938	81420.52	77216	84323
1939	81456.18	77295	84343
1940	81475.36	77299	84372
1941	81497.46	77299	84374
1942	81506.3	77313	84390
1943	81524	77316	84411
1944	81545.1	77316	84433
1945	81588.32	77398	84484
1946	81629.42	77582	84492
1947	81653.48	77582	84492
1948	81690.04	77586	84524
1949	81707.2	77587	84525
1950	81729.7	77587	84525
1951	81750.62	77588	84527
1952	81786.48	77588	84739
1953	81819.54	77602	84751
1954	81865	77603	84755
1955	81889.18	77603	84785
1956	81897.38	77605	84865
1957	81921.74	77636	84865
1958	81954.34	77637	84876
1959	81984.7	77709	85180
1960	82001.86	77714	85180
1961	82037.6	77719	85199
1962	82075.46	77769	85321
1963	82103.1	77779	85329
1964	82122.56	77803	85352
1965	82146.18	77805	85352
1966	82170.54	77805	85352
1967	82208.04	77812	85495
1968	82247.54	77838	85512
1969	82295.78	77839	85514
1970	82312.7	77840	85519
1971	82333.3	77887	85519
1972	82348.36	77887	85521
1973	82385.06	77899	85707
1974	82419.72	77900	85779
1975	82443.02	77906	85781
1976	82468.9	77915	85782
1977	82490.08	77916	85782
1978	82523.92	77916	85785
1979	82550.86	77926	85787
1980	82563.44	77926	85789
1981	82586.32	77935	85820
1982	82619.84	77939	85833
1983	82635.04	77947	85833
1984	82659.48	77972	86025
1985	82681.9	77982	86151
1986	82696.26	77983	86151
1987	82718.36	77986	86151
1988	82739.26	77986	86166
1989	82770	78329	86168
1990	82788.36	78336	86168
1991	82807.26	78336	86169
1992	82824.36	78350	86171
1993	82852.38	78350	86174
1994	82871.82	78350	86385
1995	82890.7	78350	86473
1996	82911.28	78353	86476
1997	82924.52	78353	86476
1998	82945.74	78353	86477
1999	82991.64	78426	86479
2000	83007.3	78428	86534
2001	83042.88	78531	86598
2002	83064.24	78538	86654
2003	83114.28	78539	86786
2004	83137.54	78581	86802
2005	83151.6	78581	86803
2006	83166.16	78586	86804
2007	83180.9	78632	86805
2008	83203.1	78668	86805
2009	83235.46	78671	86813
2010	83266.22	78672	87122
2011	83282.6	78672	87137
2012	83301.38	78752	87147
2013	83334.28	78822	87171
2014	83350.84	78823	87172
2015	83364	78839	87173
2016	83392.12	78839	87209
2017	83420.14	78902	87428
2018	83439.18	78904	87461
2019	83463.9	78911	87461
2020	83496.74	78913	87476
2021	83526.74	78915	87476
2022	83578.04	78915	87480
2023	83602	78915	87483
2024	83638.66	78946	87487
2025	83658.32	79040	87487
2026	83679.06	79042	87488
2027	83706.66	79055	87489
2028	83756.84	79079	87503
2029	83777.84	79145	87504
2030	83791.2	79145	87508
2031	83823.82	79155	87518
2032	83845.4	79155	87569
2033	83861.22	79157	87569
2034	83872.56	79169	87584
2035	83891.46	79174	87584
2036	83915.34	79183	87591
2037	83956.6	79184	87752
2038	83981.62	79309	87752
2039	84002.2	79322	87752
2040	84020.48	79322	87772
2041	84031.9	79346	87814
2042	84054.96	79346	87919
2043	84078.42	79354	87919
2044	84093.48	79389	87929
2045	84140.12	79407	87932
2046	84164.84	79411	87932
2047	84186.56	79421	87933
2048	84216.64	79433	88742
2049	84274.5	79438	88781
2050	84325.38	79441	88782
2051	84345.22	79442	88875
2052	84358.74	79443	88877
2053	84381.34	79456	88878
2054	84426.38	79471	88878
2055	84456.46	79480	88879
2056	84482.5	79480	89098
2057	84537.74	80588	89104
2058	84561.54	80588	89129
2059	84596.5	80588	89140
2060	84626.04	80628	89140
2061	84657.42	80645	89146
2062	84685.3	80664	89160
2063	84709.74	80679	89161
2064	84747.96	80679	89207
2065	84775.82	80681	89224
2066	84798.04	80681	89247
2067	84806.22	80686	89247
2068	84832.32	80686	89259
2069	84862.24	80694	89261
2070	84883.6	80696	89262
2071	84910.9	80697	89272
2072	84924.88	80698	89273
2073	84947.38	80699	89279
2074	84969.76	80699	89280
2075	85006.16	80735	89280
2076	85027.72	80736	89286
2077	85051.68	80736	89316
2078	85062.42	80736	89328
2079	85084.8	80737	89328
2080	85097	80737	89330
2081	85112.28	80737	89339
2082	85142.04	80787	89343
2083	85171	80787	89551
2084	85190.92	80973	89552
2085	85210.98	81035	89561
2086	85241.2	81036	89561
2087	85268.2	81047	89561
2088	85287.5	81072	89569
2089	85318.96	81072	89581
2090	85352.72	81085	89647
2091	85390.76	81086	89649
2092	85431.48	81100	89651
2093	85456.44	81104	89655
2094	85468.72	81124	89665
2095	85487.24	81133	89708
2096	85505.96	81146	89720
2097	85534.84	81303	89721
2098	85573.78	81308	89721
2099	85589.96	81327	89739
2100	85616.72	81330	89739
2101	85655.32	81334	89784
2102	85674.56	81366	89789
2103	85701.7	81366	89789
2104	85725.34	81368	89794
2105	85771.46	81370	89826
2106	85802.28	81392	89863
2107	85815.38	81398	89872
2108	85837.94	81403	89874
2109	85858.02	81405	89874
2110	85873.32	81445	89874
2111	85881.74	81446	89875
2112	85908.9	81450	89876
2113	85928.24	81453	89904
2114	85953.6	81454	89904
2115	85980.42	81456	89904
2116	86018.48	81456	89922
2117	86045.4	81460	89947
2118	86082.02	81472	89950
2119	86101.9	81472	90042
2120	86119.72	81472	90044
2121	86142.34	81483	90044
2122	86166.74	81485	90050
2123	86187.06	81491	90082
2124	86211.48	81506	90270
2125	86224.04	81510	90281
2126	86241.84	81510	90286
2127	86265.62	81514	90303
2128	86285.04	81540	90306
2129	86305.66	81553	90319
2130	86320.62	81553	90324
2131	86375.8	82814	90325
2132	86390.28	82818	90416
2133	86440.96	82819	90706
2134	86469.68	82819	90750
2135	86488.56	82848	90750
2136	86533.7	82890	90918
2137	86555.3	82910	90927
2138	86590.38	82912	91607
2139	86609.56	83009	91609
2140	86620.54	83009	91609
2141	86641.58	83009	91621
2142	86653.6	83009	91646
2143	86681.68	83009	91647
2144	86701.04	83015	91689
2145	86717.44	83056	91689
2146	86733.12	83056	91716
2147	86746.82	83056	91751
2148	86795.12	83062	91768
2149	86812.92	83062	91792
2150	86832.34	83062	91813
2151	86847.92	83064	91816
2152	86869.94	83071	91859
2153	86905	83074	91860
2154	86924.7	83091	91860
2155	86950.62	83092	91916
2156	86976.26	83094	91918
2157	86995.82	83094	91922
2158	87019.84	83096	91933
2159	87048.56	83096	91934
2160	87054.96	83117	91934
2161	87087.18	83129	91948
2162	87100.88	83130	91950
2163	87113.8	83133	91953
2164	87138.84	83162	91957
2165	87163	83163	91957
2166	87176	83167	91961
2167	87198.02	83171	91961
2168	87219.14	83204	91973
2169	87238.2	83205	91973
2170	87268.12	83444	91987
2171	87283.58	83448	92020
2172	87307.26	83495	92020
2173	87328.6	83496	92023
2174	87375.58	83501	92043
2175	87392.26	83503	92049
2176	87420.22	83510	92050
2177	87444.58	83520	92051
2178	87465	83580	92067
2179	87489.8	83580	92076
2180	87511.08	83580	92101
2181	87551.28	83581	92101
2182	87568.54	83639	92133
2183	87591.26	83644	92152
2184	87639.7	83672	92156
2185	87671.32	83675	92177
2186	87690.78	83677	92178
2187	87714.6	83683	92183
2188	87740.3	83713	92194
2189	87766.58	83807	92195
2190	87801.06	83826	92203
2191	87813.56	83826	92203
2192	87830.94	83831	92217
2193	87855.02	83838	92218
2194	87872.64	83842	92220
2195	87895.78	83845	92220
2196	87914.88	83852	92221
2197	87933.28	83865	92227
2198	87948.14	83869	92310
2199	88012.26	83870	92311
2200	88024.4	83870	92315
2201	88047.24	83932	92327
2202	88087.22	83949	92327
2203	88109.1	83961	92340
2204	88122.86	83980	92351
2205	88146.7	83989	92351
2206	88165.44	83989	92359
2207	88182.78	84021	92360
2208	88202.78	84021	92360
2209	88216.9	84047	92366
2210	88242.64	84085	92405
2211	88265.44	84085	92406
2212	88295.02	84234	92406
2213	88319.98	84236	92457
2214	88360.12	84261	92461
2215	88393.94	84261	92468
2216	88404.52	84294	92468
2217	88425.26	84295	92468
2218	88444.22	84313	92468
2219	88471.54	84322	92468
2220	88487.86	84323	92480
2221	88511.26	84357	92497
2222	88533.66	84374	92498
2223	88566.7	84374	92509
2224	88596.56	84374	92522
2225	88627.32	84375	92526
2226	88646.42	84375	92526
2227	88672.94	84408	92539
2228	88695.16	84438	92542
2229	88712.96	84438	92554
2230	88731.84	84442	92654
2231	88766.68	84444	92656
2232	88781.8	84449	92657
2233	88809.46	84453	92667
2234	88821.82	84453	92668
2235	88852.08	84453	92703
2236	88866.16	84465	92703
2237	88895.44	84466	92719
2238	88920.34	84482	92724
2239	88933.22	84493	92746
2240	88956.58	84496	92747
2241	88975.5	84500	92810
2242	88991.38	84620	92812
2243	89021.26	84641	92819
2244	89038.9	84641	92873
2245	89054.54	84642	92880
2246	89072.3	84645	92895
2247	89100.72	84647	92900
2248	89108.44	84649	92940
2249	89133.08	84656	93000
2250	89153.26	84656	93000
2251	89167.46	84656	93003
2252	89179.68	84656	93003
2253	89205.06	84657	93004
2254	89228.76	84661	93107
2255	89255.8	84702	93108
2256	89289.3	84805	93113
2257	89303.04	84805	93132
2258	89316.9	84805	93250
2259	89331.2	84808	93259
2260	89355.4	84820	93262
2261	89384.12	84821	93280
2262	89404.02	84821	93303
2263	89425.9	84821	93304
2264	89448.66	84821	93304
2265	89461.88	84844	93308
2266	89491.12	84844	93318
2267	89512.96	84861	93341
2268	89525.62	84861	93346
2269	89556.74	84899	93348
2270	89575.6	84910	93348
2271	89592.96	85104	93381
2272	89602.5	85117	93381
2273	89631.34	85117	93384
2274	89652.06	85118	93384
2275	89677.06	85118	93397
2276	89702.72	85203	93398
2277	89746.94	85206	93399
2278	89773.2	85206	93416
2279	89791.62	85206	93416
2280	89816.66	85206	93458
2281	89840.76	85206	93459
2282	89865.28	85206	93460
2283	89882.46	85207	93483
2284	89902.88	85369	93484
2285	89925.16	85388	93503
2286	89959.28	85398	93604
2287	89978.78	85400	93624
2288	90017.08	85402	93624
2289	90045.28	85430	93632
2290	90067	85432	93791
2291	90095.22	85434	93792
2292	90104.44	85454	93793
2293	90122.72	85456	93800
2294	90144.4	85458	93802
2295	90172.96	85459	93834
2296	90209.96	85461	93834
2297	90225.9	85462	93834
2298	90247.54	85479	93834
2299	90283.44	85479	93836
2300	90298.24	85490	93840
2301	90319.24	85518	93840
2302	90344.18	85520	93844
2303	90361.9	85559	93851
2304	90372.62	85561	93911
2305	90395.36	85630	93917
2306	90411.86	85639	93924
2307	90436.58	85641	93930
2308	90453.48	85674	93945
2309	90462.86	85677	93946
2310	90494.84	85681	93952
2311	90514.28	85681	93976
2312	90532.64	85685	94014
2313	90547.46	85686	94027
2314	90573.66	85824	94141
2315	90607.64	85826	94162
2316	90624.34	85827	94167
2317	90649.6	85844	94171
2318	90676.88	85845	94200
2319	90708.94	85858	94236
2320	90721.12	85858	94260
2321	90743.94	85864	94265
2322	90764.36	85892	94266
2323	90794.34	85919	94346
2324	90826.8	85932	94352
2325	90846.2	85950	94352
2326	90879.02	86175	94354
2327	90927.3	87684	94357
2328	90942.42	87707	94359
2329	90971.68	87726	94359
2330	90987.76	87737	94359
2331	91012.98	87743	94364
2332	91029.76	87759	94377
2333	91047.88	87762	94377
2334	91069.28	87763	94381
2335	91081.22	87765	94381
2336	91116.18	87765	94408
2337	91141.02	87854	94409
2338	91153.88	87901	94409
2339	91167.18	87912	94409
2340	91191.92	87921	94410
2341	91206.36	87945	94412
2342	91226.78	87992	94412
2343	91253.06	88014	94414
2344	91268.6	88032	94443
2345	91293.4	88148	94462
2346	91323.36	88180	94463
2347	91343.68	88194	94746
2348	91354.68	88198	94752
2349	91385.66	88198	94779
2350	91416.66	88290	94959
2351	91477.3	88290	94959
2352	91505.24	88290	95002
2353	91532.32	88291	95073
2354	91546.08	88295	95125
2355	91566.76	88298	95125
2356	91595.24	88304	95125
2357	91619.88	88309	95126
2358	91634.7	88426	95127
2359	91646.02	88435	95132
2360	91667.22	88439	95132
2361	91700.76	88439	95132
2362	91726.78	88545	95132
2363	91758.52	88557	95132
2364	91768.02	88558	95138
2365	91806.86	88558	95145
2366	91828.8	88558	95188
2367	91856.3	88560	95190
2368	91878.06	88563	95190
2369	91893.26	88563	95190
2370	91902.44	88593	95250
2371	91923.48	88656	95251
2372	91937.14	88718	95254
2373	91953.2	88718	95277
2374	91986.34	88728	95278
2375	92007.52	88735	95305
2376	92016.6	88760	95313
2377	92055.98	88761	95340
2378	92071.1	88761	95348
2379	92095.48	88769	95350
2380	92123.76	88769	95350
2381	92134.74	88771	95355
2382	92150.48	88793	95356
2383	92172.6	88833	95379
2384	92194.66	88833	95382
2385	92239.28	88834	95382
2386	92259.18	88838	95388
2387	92271.24	88863	95432
2388	92286.24	88950	95436
2389	92301.82	88952	95438
2390	92327.36	88966	95481
2391	92339.24	88966	95485
2392	92377.72	88967	95488
2393	92399.28	88967	95670
2394	92414.44	89078	95682
2395	92428.74	89080	95751
2396	92442.84	89105	95765
2397	92460.94	89164	95765
2398	92480.5	89286	95768
2399	92499.74	89366	95773
2400	92507.26	89366	95773
2401	92540.48	89400	95876
2402	92574.1	89400	96303
2403	92587.16	89415	96392
2404	92609.14	89424	96408
2405	92634.32	89426	96411
2406	92674.08	89426	96481
2407	92697.16	89439	96534
2408	92713.62	89440	96535
2409	92730.2	89440	96535
2410	92750.22	89443	96561
2411	92760.18	89443	96566
2412	92773.68	89453	96566
2413	92794.64	89453	96570
2414	92818.74	89474	96570
2415	92843.54	89476	96574
2416	92893.14	89489	96574
2417	92910.68	89499	96575
2418	92925.42	89499	96580
2419	92943.76	89503	96596
2420	92969.18	89503	96598
2421	92992.44	89572	96601
2422	93006.22	89572	96602
2423	93022.96	89605	96602
2424	93058.32	89622	96602
2425	93082	89623	96607
2426	93100.9	89627	96612
2427	93116.68	89640	96613
2428	93156.42	89650	96691
2429	93172.36	89650	96717
2430	93212.12	89911	96719
2431	93228.96	89911	96778
2432	93245.06	89917	96780
2433	93265.66	89924	96798
2434	93289.12	89935	96800
2435	93317.64	89947	96802
2436	93331.4	89957	96876
2437	93349.26	89973	96876
2438	93362.42	89974	96915
2439	93393.7	89974	96953
2440	93408.8	89974	96956
2441	93430.52	89975	97004
2442	93439.64	89978	97023
2443	93464.42	89979	97024
2444	93478.42	90045	97024
2445	93520.14	90053	97270
2446	93537.16	90053	97270
2447	93552.48	90057	97271
2448	93571.6	90087	97271
2449	93587.64	90098	97272
2450	93615.94	90098	97327
2451	93636.5	90191	97327
2452	93660.16	90194	97328
2453	93693.24	90204	97329
2454	93716.68	90204	97333
2455	93733.8	90277	97333
2456	93751.2	90285	97333
2457	93773.26	90285	97336
2458	93792.5	90386	97336
2459	93817.28	90388	97336
2460	93827.24	90408	97340
2461	93857.56	90418	97346
2462	93902.78	90459	97347
2463	93916.2	90460	97350
2464	93952.7	90466	97357
2465	93967.74	90466	97357
2466	93980.72	90468	97359
2467	93994.24	90468	97360
2468	94008.4	90503	97361
2469	94025.92	90522	97362
2470	94062.86	90572	97369
2471	94080.5	90585	97369
2472	94104.92	90585	97416
2473	94114.2	90612	97416
2474	94133.74	90637	97467
2475	94152.68	90637	97469
2476	94168.12	90639	97473
2477	94183.2	90682	97494
2478	94219.22	90682	97496
2479	94232.22	90743	97613
2480	94259.56	90743	97613
2481	94274.64	90761	97661
2482	94294.14	90761	97663
2483	94315.54	90761	97758
2484	94328.28	90761	97759
2485	94343.28	90771	97773
2486	94358.56	90771	97779
2487	94371.6	90819	97800
2488	94393.42	90842	97822
2489	94405.44	90843	97833
2490	94424.6	90849	97833
2491	94450.74	90850	97857
2492	94470.74	91105	97875
2493	94487.94	91109	97890
2494	94504.34	91136	97892
2495	94524.72	91136	97892
2496	94562.26	91147	97892
2497	94581.52	91147	97892
2498	94616.22	91148	97964
2499	94638.5	91342	97990
2500	94693	91342	98014
2501	94727.14	91343	98047
2502	94749.72	91344	98047
2503	94778.78	91385	98048
2504	94814.14	91386	98048
2505	94837.34	91394	98050
2506	94868.24	91394	98055
2507	94881.54	91411	98119
2508	94896.84	91413	98119
2509	94916.28	91413	98126
2510	94932.14	91421	98277
2511	94938.76	91421	98277
2512	94958.14	91564	98280
2513	94982.68	91572	98353
2514	95003.08	91572	98391
2515	95023.58	91573	98396
2516	95044.24	91573	98401
2517	95074.06	91586	98401
2518	95105.48	91588	98402
2519	95124.44	91790	98402
2520	95142.36	92036	98402
2521	95162.04	92039	98503
2522	95185.76	92076	98506
2523	95205.12	92076	98508
2524	95231.24	92076	98512
2525	95243.1	92079	98519
2526	95257.52	92079	98521
2527	95284.5	92085	98532
2528	95304.76	92101	98543
2529	95328.16	92157	98568
2530	95350.48	92159	98568
2531	95370.54	92160	98597
2532	95392.78	92167	98623
2533	95418.54	92181	98839
2534	95435.52	92181	98841
2535	95455.46	92185	98864
2536	95470.38	92190	98870
2537	95483.44	92192	98877
2538	95501.24	92300	98879
2539	95549.54	92346	98882
2540	95563.72	92349	98942
2541	95600.88	92351	98943
2542	95618.12	92352	98953
2543	95642.4	92355	98961
2544	95654.4	92369	98961
2545	95692.44	92376	99036
2546	95704.04	92378	99077
2547	95726.72	92378	99080
2548	95735.78	92378	99081
2549	95754.92	92545	99091
2550	95777.74	92546	99092
2551	95791.86	92560	99241
2552	95820.42	92948	99261
2553	95834.78	92988	99268
2554	95864.14	92989	99299
2555	95886.02	93013	99299
2556	95912.96	93013	99299
2557	95931.64	93130	99300
2558	95943.72	93132	99300
2559	95956.9	93162	99300
2560	95969.12	93175	99314
2561	95992.3	93179	99315
2562	96013.4	93182	99387
2563	96053.44	93290	99391
2564	96073.62	93293	99391
2565	96108.6	93303	99411
2566	96122.36	93405	99411
2567	96146.8	93416	99414
2568	96169.76	93427	99428
2569	96188.1	93505	99435
2570	96226.06	93512	99435
2571	96242.26	93521	99439
2572	96279.24	93522	99440
2573	96295	93536	99441
2574	96315.74	93536	99445
2575	96340.98	93605	99445
2576	96364.44	93608	99445
2577	96391.92	93639	99445
2578	96414.08	93887	99449
2579	96423.98	93889	99456
2580	96440.04	93889	99456
2581	96460.92	93907	99456
2582	96499.6	93907	99457
2583	96516.34	93908	99458
2584	96529.64	93910	99583
2585	96543.74	93923	99664
2586	96568.52	93933	99671
2587	96592.3	94077	99671
2588	96626.1	94078	99694
2589	96645.58	94095	99695
2590	96664.88	94105	99731
2591	96688.72	94106	99733
2592	96718.74	94107	99742
2593	96758.44	94181	99754
2594	96773.94	94181	99758
2595	96789.18	94182	99774
2596	96813.16	94192	99778
2597	96841.24	94201	99787
2598	96860.42	94201	99787
2599	96880.44	94201	99804
2600	96909.26	94213	99807
2601	96936.28	94245	99807
2602	96964.02	94324	99819
2603	96979.76	94333	99824
2604	97005.32	94334	99826
2605	97024.54	94359	99832
2606	97057.68	94390	99836
2607	97088.2	94398	99845
2608	97116.2	94485	99933
2609	97129.48	94562	99934
2610	97146.84	94563	99934
2611	97159.32	94572	99937
2612	97185.86	94572	99937
2613	97205.9	94572	99940
2614	97234.44	94572	100111
2615	97258.22	94573	100111
2616	97284.42	94583	100111
2617	97303.56	94586	100111
2618	97318.98	94595	100115
2619	97330.14	94600	100132
2620	97339.52	94600	100132
2621	97355.36	94645	100132
2622	97414.74	94645	100134
2623	97433.52	94649	100135
2624	97449.86	94650	100136
2625	97476.02	94658	100238
2626	97500.28	94698	100240
2627	97508.74	94698	100241
2628	97526.36	94698	100241
2629	97546.16	94706	100251
2630	97560.38	94711	100284
2631	97582.32	94733	100286
2632	97604.28	94768	100375
2633	97635.98	94769	100396
2634	97663.26	94908	100400
2635	97683.4	94919	100401
2636	97743.26	94954	100478
2637	97774.8	94954	100479
2638	97793.06	94962	100483
2639	97811.3	94965	100486
2640	97828.88	95029	100498
2641	97843.26	95030	100503
2642	97860.92	95032	100505
2643	97885.7	95040	100517
2644	97906.68	95052	100527
2645	97932.96	95123	100527
2646	97946.74	95123	100532
2647	97961.94	95128	100532
2648	97985.02	95132	100539
2649	97996.7	95132	100550
2650	98015.84	95132	100554
2651	98028.58	95133	100611
2652	98049.44	95133	100614
2653	98068.14	95140	100618
2654	98106.88	95256	100624
2655	98129.34	95257	100668
2656	98167.4	95294	100670
2657	98184.34	95294	100687
2658	98203.4	95299	100687
2659	98217.68	95303	100692
2660	98229.42	95315	100692
2661	98260.3	95315	100692
2662	98288.96	95315	100705
2663	98302.22	95327	100707
2664	98350.08	95331	100707
2665	98362.98	95333	100710
2666	98382.82	95334	100716
2667	98406.96	95372	100779
2668	98423	95372	100779
2669	98444.28	95379	100781
2670	98455.78	95497	100825
2671	98480.46	95581	100826
2672	98514.66	95582	100834
2673	98532.26	95582	100834
2674	98542.22	95584	100842
2675	98548.46	95586	100844
2676	98581.64	95588	101315
2677	98605.24	95592	101335
2678	98646.14	95630	101378
2679	98665.26	95630	101380
2680	98685.14	95751	101380
2681	98707.4	95769	101380
2682	98725.52	95796	101380
2683	98744.62	95798	101380
2684	98763.24	95798	101438
2685	98789.56	95804	101454
2686	98798.08	95805	101455
2687	98827.56	95930	101456
2688	98840.36	95932	101457
2689	98848.62	95932	101459
2690	98863.84	96005	101511
2691	98875.36	96103	101511
2692	98893.08	96105	101516
2693	98908.96	96118	101520
2694	98940.4	96124	101534
2695	98966.38	96131	101536
2696	98994.28	96138	101542
2697	99021.2	96162	101547
2698	99034.7	96163	101556
2699	99046.6	96184	101556
2700	99069.76	96185	101567
2701	99085.82	96186	101767
2702	99141.52	96435	101798
2703	99152.68	96436	101803
2704	99172.42	96450	101803
2705	99183.68	96453	101804
2706	99214.16	96595	101830
2707	99240.34	96605	101832
2708	99255.48	96606	101834
2709	99278.46	96611	101844
2710	99297.64	96617	101844
2711	99319.98	96618	101872
2712	99349.8	96680	101872
2713	99384.58	96683	101884
2714	99397.14	96713	101884
2715	99439.04	96719	101895
2716	99464.6	96748	101895
2717	99490.72	96748	101895
2718	99507.56	96785	101928
2719	99520.86	96790	101930
2720	99534.32	96790	101931
2721	99558.18	96794	101997
2722	99575.46	96864	102001
2723	99596.84	96864	102012
2724	99612.18	96867	102164
2725	99623.08	96867	102164
2726	99635.7	96868	102266
2727	99654.94	96869	102266
2728	99686.2	96870	102267
2729	99706.16	96917	102277
2730	99718.2	96937	102284
2731	99735.68	96937	102284
2732	99757.36	96937	102286
2733	99769.18	96985	102288
2734	99780.5	97048	102288
2735	99798.7	97067	102289
2736	99807.46	97067	102289
2737	99824.96	97073	102291
2738	99844.54	97134	102291
2739	99872.68	97154	102401
2740	99903.24	97172	102460
2741	99936.18	97249	102474
2742	99957.82	97265	102482
2743	99976.9	97277	102486
2744	99992.44	97285	102486
2745	100015.52	97286	102509
2746	100026.76	97288	102571
2747	100042.32	97303	102649
2748	100061.36	97303	102817
2749	100072.16	97313	102824
2750	100093.22	97313	103101
2751	100130.76	97395	103109
2752	100164.48	97408	103130
2753	100185.26	97593	103135
2754	100237.88	98055	103150
2755	100254.96	98055	103150
2756	100266.86	98057	103151
2757	100284.86	98057	103151
2758	100304.62	98064	103164
2759	100316.98	98064	103164
2760	100354.88	98090	103180
2761	100378.04	98094	103180
2762	100393.76	98102	103195
2763	100420.68	98282	103215
2764	100457.46	98303	103230
2765	100464.62	98315	103232
2766	100484.56	98326	103232
2767	100500.54	98330	103275
2768	100520.48	98333	103275
2769	100530.1	98351	103279
2770	100547.56	98358	103289
2771	100559.82	98372	103289
2772	100577.94	98376	103298
2773	100597.56	98380	103299
2774	100622.68	98380	103308
2775	100637.98	98380	103308
2776	100668.9	98380	103308
2777	100684.84	98383	103324
2778	100707.92	98383	103327
2779	100725.62	98397	103329
2780	100743.72	98397	103330
2781	100764.08	98456	103332
2782	100783.28	98475	103332
2783	100829.08	98524	103334
2784	100850.6	98524	103355
2785	100864.78	98725	103360
2786	100886.54	98727	103363
2787	100913.56	98727	103369
2788	100937.82	98728	103370
2789	100964.06	98728	103370
2790	100989.34	98729	103381
2791	101002.8	98748	103381
2792	101021.18	98750	103382
2793	101039.32	98752	103385
2794	101064.72	98782	103392
2795	101080.86	98820	103418
2796	101099.42	98821	103456
2797	101107.18	98823	103457
2798	101128.64	98841	103548
2799	101141.7	98864	103551
2800	101174.78	98866	103554
2801	101188.72	98873	103554
2802	101204.88	98875	103557
2803	101218.8	98879	103661
2804	101237.38	99002	103661
2805	101257.74	99018	103666
2806	101276.36	99019	103686
2807	101304.16	99057	103690
2808	101319.38	99060	103691
2809	101332.76	99060	103776
2810	101360	99065	103779
2811	101396.04	99066	103779
2812	101410.18	99078	103781
2813	101437	99079	103794
2814	101466.6	99082	103794
2815	101489.9	99084	103794
2816	101500.62	99091	103795
2817	101513.42	99092	103812
2818	101531.72	99093	103813
2819	101544.8	99105	103899
2820	101563.4	99109	103903
2821	101601.56	99110	103904
2822	101620.16	99119	103911
2823	101630.5	99120	103913
2824	101638.5	99123	103914
2825	101656.58	99123	103949
2826	101673.2	99124	103949
2827	101690.78	99226	103953
2828	101715.02	99226	103955
2829	101733.16	99237	103956
2830	101784.32	99250	103981
2831	101804.52	99254	103982
2832	101815.84	99254	104002
2833	101829.32	99255	104005
2834	101843.48	99270	104006
2835	101861.2	99275	104032
2836	101877.38	99278	104046
2837	101907.36	99285	104049
2838	101930.98	99285	104049
2839	101949.64	99287	104049
2840	101960.28	99287	104092
2841	101985.02	99287	104151
2842	102008.38	99288	104153
2843	102025.84	99289	104172
2844	102059	99304	104175
2845	102086.64	99349	104176
2846	102108.8	99349	104191
2847	102126.68	99358	104206
2848	102144.1	99365	104206
2849	102166.5	99365	104220
2850	102183.1	99365	104221
2851	102212.02	99672	104329
2852	102237.08	99673	104364
2853	102252.84	99673	104364
2854	102285.48	99680	104372
2855	102312.8	99698	104374
2856	102345.88	99875	104374
2857	102358.82	99923	104385
2858	102370.96	99923	104386
2859	102391.24	99925	104433
2860	102416.5	99927	104433
2861	102444.34	99955	104434
2862	102465.5	99966	104514
2863	102491.96	99973	104515
2864	102508.64	100156	104515
2865	102532.12	100158	104517
2866	102546.92	100158	104523
2867	102564.06	100163	104547
2868	102574.5	100163	104585
2869	102595.5	100195	104599
2870	102625.76	100217	104626
2871	102643.42	100220	104626
2872	102665.28	100220	104628
2873	102681.54	100229	104628
2874	102700.7	100240	104652
2875	102714.14	100240	104657
2876	102738.94	100241	104657
2877	102763.36	100244	104657
2878	102791.18	100263	104659
2879	102812.76	100263	104696
2880	102852.02	100263	104704
2881	102867.26	100263	104725
2882	102882.16	100263	104732
2883	102898.58	100278	104733
2884	102922.6	100279	104757
2885	102944.96	100280	104972
2886	102959.6	100319	104981
2887	102981.7	100319	104981
2888	102992.54	100349	104994
2889	103023.14	100356	104995
2890	103044.06	100356	105034
2891	103068.22	100357	105056
2892	103096.32	100358	105060
2893	103118	100358	105132
2894	103144.82	100359	105133
2895	103157.66	100359	105133
2896	103169.64	100359	105140
2897	103185.12	100554	105144
2898	103205.1	100571	105149
2899	103237.86	100572	105152
2900	103267.94	100668	105152
2901	103275.92	100671	105154
2902	103291.22	100671	105159
2903	103332.36	101040	105163
2904	103361.16	101040	105163
2905	103369.66	101040	105163
2906	103384.78	101046	105163
2907	103392.28	101048	105167
2908	103417.7	101056	105169
2909	103434.5	101363	105174
2910	103449.18	101368	105175
2911	103479.4	101370	105176
2912	103493.56	101372	105179
2913	103521.82	101388	105317
2914	103545.08	101461	105318
2915	103559.46	101464	105318
2916	103568.04	101499	105318
2917	103586.2	101599	105329
2918	103617.06	101743	105351
2919	103633.18	101768	105370
2920	103648.5	101768	105370
2921	103666.44	101848	105468
2922	103680.74	101861	105476
2923	103690.78	101873	105478
2924	103710.9	101901	105481
2925	103721.42	101901	105481
2926	103741.38	101903	105498
2927	103757.72	101914	105498
2928	103784.62	101914	105566
2929	103796.24	101918	105616
2930	103817.68	101930	105622
2931	103835.9	101941	105639
2932	103853.04	101941	105646
2933	103890.24	101942	105647
2934	103911.14	101959	105647
2935	103938.12	101968	105652
2936	103958.96	101973	105652
2937	103988.56	101978	105657
2938	104031.96	102154	105669
2939	104040.32	102156	105672
2940	104063.74	102191	105672
2941	104095.24	102196	105674
2942	104124.8	102198	105749
2943	104136.12	102198	105753
2944	104150.2	102198	105781
2945	104158.18	102198	105781
2946	104172.44	102212	105790
2947	104192.56	102217	105885
2948	104226.76	102217	105941
2949	104246.22	102218	105943
2950	104267.3	102219	105945
2951	104276.26	102219	105947
2952	104293.76	102221	105947
2953	104310.96	102223	105948
2954	104331.22	102427	105957
2955	104356.3	102429	106121
2956	104382.54	102430	106210
2957	104397.78	102430	106210
2958	104421.04	102430	106222
2959	104448.9	102495	106312
2960	104479.32	102500	106312
2961	104492.94	102500	106321
2962	104505.86	102500	106344
2963	104533.26	102547	106344
2964	104565.6	102580	106374
2965	104584.06	102592	106394
2966	104596.14	102602	106394
2967	104626.3	102620	106415
2968	104647.7	102729	106431
2969	104667.2	102731	106431
2970	104696.44	102731	106431
2971	104737.46	102889	106432
2972	104755.56	102895	106483
2973	104777.1	102953	106489
2974	104790.58	102965	106491
2975	104821.28	102971	106491
2976	104835.52	102971	106550
2977	104853.64	102971	106571
2978	104872.42	102978	106579
2979	104892.44	102985	106580
2980	104908.86	102988	106590
2981	104928.34	102989	106591
2982	104940.84	102989	106591
2983	104984.2	102991	106606
2984	105000.92	103000	106611
2985	105019.12	103000	106614
2986	105036.98	103003	106621
2987	105051.8	103014	106629
2988	105067.24	103014	106653
2989	105077.68	103014	106709
2990	105103.54	103024	106719
2991	105125.24	103112	106760
2992	105142.56	103115	106760
2993	105166.12	103133	106760
2994	105186.56	103133	106777
2995	105255.22	103134	106777
2996	105274.28	103178	106777
2997	105290.36	103192	106781
2998	105308.34	103212	106794
2999	105368.24	103212	106925
3000	105391.94	103212	106997
3001	105409.28	103214	106998
3002	105420.42	103234	107009
3003	105445.54	103259	107011
3004	105464.48	103267	107021
3005	105473.34	103268	107031
3006	105482.94	103271	107038
3007	105502.7	103271	107041
3008	105569.86	103349	107042
3009	105585.14	103349	107044
3010	105599.04	103386	107044
3011	105617.58	103457	107057
3012	105632.62	103457	107065
3013	105653.94	103461	107078
3014	105671.52	103471	107079
3015	105687.92	103490	107085
3016	105731.3	103503	107097
3017	105742.62	103504	107122
3018	105752.82	103505	107125
3019	105764.74	103505	107125
3020	105779.32	103509	107128
3021	105795.1	103509	107128
3022	105809.26	103509	107146
3023	105836	103511	107176
3024	105844.52	103512	107184
3025	105860.14	103515	107184
3026	105879.84	103517	107184
3027	105909.42	103544	107189
3028	105955.54	103549	107191
3029	105973.04	103550	107376
3030	105982.66	103558	107377
3031	105995.96	103615	107377
3032	106029.42	103618	107382
3033	106046.64	103622	107405
3034	106068.46	103879	107412
3035	106092.2	104003	107412
3036	106121.58	104010	107559
3037	106142.16	104055	107565
3038	106175.12	104070	107573
3039	106193.24	104070	107599
3040	106202.62	104077	107599
3041	106214.24	104077	107599
3042	106224.44	104079	107600
3043	106238.7	104080	107603
3044	106259.48	104090	107603
3045	106280.66	104096	107604
3046	106293.72	104130	107604
3047	106305.48	104138	107604
3048	106323.18	104140	107604
3049	106336	104149	107641
3050	106351.06	104150	107641
3051	106369.44	104247	107642
3052	106385.94	104247	107642
3053	106396.12	104247	107766
3054	106411.26	104247	107767
3055	106429.86	104247	107775
3056	106454.02	104250	107800
3057	106466.34	104266	107830
3058	106478.94	104266	107830
3059	106498	104266	107843
3060	106510.3	104294	107844
3061	106525.6	104300	107848
3062	106539.4	104332	107869
3063	106554.92	104341	107870
3064	106590.38	104342	107870
3065	106605.54	104346	107892
3066	106620.3	104346	107896
3067	106649.56	104355	107907
3068	106663	104356	107919
3069	106682.9	104356	108015
3070	106709.94	104385	108027
3071	106732.6	104400	108027
3072	106746.62	104404	108056
3073	106758.32	104416	108138
3074	106783.44	104417	108147
3075	106818.6	104429	108147
3076	106833.62	104429	108147
3077	106847.72	104447	108149
3078	106858.96	104447	108149
3079	106870.34	104448	108149
3080	106894.46	104567	108151
3081	106912.52	104618	108281
3082	106920.42	104630	108282
3083	106940.92	104660	108296
3084	106964.06	104778	108407
3085	106975.38	104792	108408
3086	106989.98	104919	108408
3087	107004.64	104955	108411
3088	107044.54	104958	108415
3089	107062.12	104959	108439
3090	107076.58	104963	108450
3091	107091.24	104975	108451
3092	107106.98	104975	108451
3093	107127.62	105011	108451
3094	107151.6	105011	108457
3095	107174.18	105011	108458
3096	107198.38	105011	108467
3097	107220.54	105012	108469
3098	107242.1	105013	108469
3099	107257.52	105013	108472
3100	107268.1	105016	108472
3101	107283.62	105016	108475
3102	107323.84	105057	108475
3103	107355.42	105072	108484
3104	107380.22	105093	108511
3105	107419.1	105155	108551
3106	107439.54	105155	108555
3107	107454.8	105156	108606
3108	107468.7	105156	108613
3109	107484.82	105157	108615
3110	107495.72	105157	108733
3111	107511.64	105166	108737
3112	107524.26	105179	108739
3113	107532.2	105184	108777
3114	107563	105341	108777
3115	107595.22	105753	108780
3116	107619.42	105753	108956
3117	107647.92	105757	108957
3118	107668.56	105765	108960
3119	107675.36	105771	108993
3120	107685.54	105774	109005
3121	107716.76	105775	109034
3122	107734.26	105820	109065
3123	107750.2	105822	109070
3124	107779.12	105825	109073
3125	107793.18	105828	109073
3126	107805.08	105832	109075
3127	107824.4	105832	109088
3128	107834.2	105832	109088
3129	107861.8	105982	109090
3130	107880.7	105982	109147
3131	107894.74	105982	109162
3132	107912.04	105983	109207
3133	107924	105984	109207
3134	107940.34	105999	109207
3135	107958.38	105999	109210
3136	107971.44	106002	109210
3137	107988.32	106002	109244
3138	108010.98	106016	109245
3139	108023.4	106016	109253
3140	108044.42	106016	109254
3141	108066.8	106064	109356
3142	108079.46	106064	109378
3143	108094.46	106104	109385
3144	108104.44	106130	109387
3145	108138.22	106130	109495
3146	108156.98	106140	109550
3147	108176.44	106140	109550
3148	108204.08	106152	109579
3149	108217.72	106158	109584
3150	108236.68	106158	109585
3151	108254.72	106161	109596
3152	108293.42	106173	109597
3153	108307.48	106173	109618
3154	108315.62	106175	109620
3155	108341.14	106178	109641
3156	108366.74	106180	109878
3157	108388.4	106191	109878
3158	108409.48	106245	109878
3159	108432.72	106254	109880
3160	108443.9	106255	109880
3161	108461.94	106257	109881
3162	108481.24	106258	109882
3163	108496.16	106283	109890
3164	108515.36	106353	109892
3165	108527.36	106372	109892
3166	108538.72	106372	109892
3167	108545.3	106394	109913
3168	108558.8	106394	109915
3169	108572.44	106427	109923
3170	108588.98	106427	109932
3171	108611.92	106428	109932
3172	108640.16	106429	109943
3173	108676.86	106429	109943
3174	108696.88	106429	109949
3175	108718.02	106438	109949
3176	108732.5	106438	109950
3177	108749.74	106439	109957
3178	108768.6	106461	109957
3179	108782.08	106488	110064
3180	108791.7	106503	110075
3181	108806.8	106523	110079
3182	108833.4	106526	110079
3183	108855	106532	110115
3184	108876.58	106538	110117
3185	108889.26	106538	110118
3186	108908.4	106538	110128
3187	108928.92	106543	110132
3188	108952.22	106550	110140
3189	108966.46	106550	110140
3190	108987.8	106567	110167
3191	109018.68	106606	110169
3192	109036.06	106608	110172
3193	109053.06	106608	110175
3194	109080.58	106611	110175
3195	109102.82	106614	110188
3196	109121.74	106708	110188
3197	109139.08	106715	110192
3198	109155.3	106717	110207
3199	109175.82	106717	110208
3200	109202.74	106719	110219
3201	109223.74	106724	110228
3202	109232.64	106731	110244
3203	109254.16	106732	110245
3204	109274.9	106733	110267
3205	109290.08	106735	110272
3206	109306.46	106766	110273
3207	109335.76	106771	110354
3208	109344.48	106779	110359
3209	109358.62	106779	110362
3210	109373.9	106785	110362
3211	109393.44	106787	110364
3212	109413.86	106788	110366
3213	109429.58	106792	110453
3214	109462.02	106806	110454
3215	109469.2	106806	110454
3216	109483.8	106823	110571
3217	109507.86	107035	110571
3218	109534.36	107036	110573
3219	109559.38	107040	110647
3220	109573.04	107042	110651
3221	109593.46	107243	110657
3222	109600.5	107255	110657
3223	109622.66	107263	110674
3224	109635.6	107265	110675
3225	109663.98	107318	110676
3226	109680.58	107326	110676
3227	109691.54	107327	110687
3228	109710.26	107335	110717
3229	109729.58	107335	110720
3230	109750.36	107373	110725
3231	109771.22	107374	110726
3232	109781.44	107379	110726
3233	109829.62	107382	110876
3234	109849.5	107454	111015
3235	109857.94	107459	111020
3236	109869.7	107464	111020
3237	109886.46	107464	111020
3238	109893.82	107485	111020
3239	109912.14	107485	111049
3240	109928.14	107490	111104
3241	109942.74	107496	111121
3242	109967.62	107948	111134
3243	109982.1	107948	111136
3244	109996.56	107954	111136
3245	110019.64	107955	111136
3246	110043.3	107957	111156
3247	110053.16	107959	111157
3248	110066.82	107960	111227
3249	110103.74	107961	111258
3250	110126.44	107983	111259
3251	110151.5	107997	111293
3252	110166.42	108003	111312
3253	110179.72	108006	111360
3254	110194.46	108045	111361
3255	110223.32	108055	111372
3256	110241.5	108067	111377
3257	110256.58	108154	111380
3258	110287.12	108191	111385
3259	110308.06	108314	111396
3260	110324.14	108339	111397
3261	110339.26	108339	111418
3262	110361.04	108343	111452
3263	110400.8	108345	111452
3264	110412.56	108345	111497
3265	110427.22	108346	111498
3266	110458.94	108389	111513
3267	110465.96	108398	111558
3268	110477.12	108399	111558
3269	110496.74	108400	111558
3270	110516.58	108434	111560
3271	110532.86	108434	111561
3272	110547.1	108574	111561
3273	110575.3	108574	111597
3274	110585.92	108581	111605
3275	110621.32	108581	111620
3276	110634.98	108619	111622
3277	110644.72	108633	111645
3278	110661.68	108644	111647
3279	110674.18	108647	111649
3280	110699.88	108667	111714
3281	110730.24	109281	111737
3282	110742.8	109284	111757
3283	110756.86	109284	111761
3284	110773.14	109316	111761
3285	110797.64	109316	111763
3286	110811.78	109319	111767
3287	110824.84	109319	111769
3288	110838.18	109319	111770
3289	110851.42	109330	111771
3290	110861.18	109333	111773
3291	110876.18	109341	111784
3292	110888.68	109343	111834
3293	110910.18	109346	111835
3294	110938.94	109356	111836
3295	110974.12	109356	111851
3296	110983.24	109365	111865
3297	111003.88	109377	111865
3298	111022.3	109421	111865
3299	111043.36	109423	111893
3300	111065.54	109426	111896
3301	111076.8	109441	111907
3302	111088.74	109441	111923
3303	111105.06	109441	111932
3304	111114.86	109441	111933
3305	111132.34	109442	111934
3306	111150	109444	111934
3307	111160.48	109450	111935
3308	111174.06	109479	111935
3309	111195.16	109479	111945
3310	111208.76	109498	111986
3311	111236.56	109505	111986
3312	111247.1	109505	112003
3313	111272.58	109603	112036
3314	111292.62	109604	112164
3315	111312.66	109628	112165
3316	111335.36	109642	112165
3317	111361.96	109645	112166
3318	111379.5	109645	112203
3319	111400.18	109645	112203
3320	111417.32	109704	112207
3321	111430.88	109705	112207
3322	111464	109706	112344
3323	111511.3	109733	112603
3324	111523.22	109751	112608
3325	111549.92	109769	112610
3326	111574.74	109770	112611
3327	111587.58	109770	112617
3328	111602.2	109772	112619
3329	111611.18	109772	112621
3330	111624.38	109772	112641
3331	111641.18	109794	112645
3332	111687.76	109844	112645
3333	111696.84	109845	112645
3334	111716.26	109857	112646
3335	111731.1	109858	112648
3336	111781.38	109859	112721
3337	111792.5	109859	112726
3338	111805.42	109861	112726
3339	111813.5	109868	112728
3340	111861.6	111001	112728
3341	111891	111029	112760
3342	111911.02	111041	112760
3343	111926.36	111044	112760
3344	111945.98	111056	112762
3345	111998.34	111060	112762
3346	112010.26	111063	112763
3347	112021.7	111073	112773
3348	112037.5	111079	112775
3349	112056.32	111079	112786
3350	112072.54	111086	112787
3351	112087.88	111096	112788
3352	112103.12	111116	112797
3353	112119.92	111444	112807
3354	112137.9	111444	112807
3355	112150.56	111449	112817
3356	112168.36	111454	112819
3357	112181.68	111456	112839
3358	112201.12	111457	112854
3359	112226.18	111457	112855
3360	112246.7	111460	112865
3361	112280.16	111583	112865
3362	112311.1	111622	112865
3363	112321.72	111622	112868
3364	112331.6	111635	112870
3365	112346.14	111636	112871
3366	112360.62	111636	112872
3367	112376.62	111636	112873
3368	112396.88	111637	112888
3369	112418.5	111639	112906
3370	112435.5	111639	112919
3371	112447.84	111639	112921
3372	112476.1	111661	112923
3373	112485.82	111679	112940
3374	112504.54	111682	112960
3375	112522.42	111683	112971
3376	112532.28	111684	112977
3377	112551.06	111687	112978
3378	112564.38	111707	112978
3379	112576.8	111726	112978
3380	112595.08	111726	112992
3381	112609.78	111733	113008
3382	112626.76	111733	113008
3383	112635.92	111733	113013
3384	112659.64	111753	113018
3385	112676.96	111753	113018
3386	112684.34	111797	113021
3387	112697.82	111935	113026
3388	112706.74	111947	113026
3389	112717.3	111959	113056
3390	112725.9	111959	113056
3391	112750.6	112006	113058
3392	112788.62	112008	113084
3393	112807.94	112008	113115
3394	112828.94	112152	113121
3395	112859.8	112153	113123
3396	112866.94	112156	113126
3397	112895.94	112158	113126
3398	112917.68	112158	113130
3399	112948.68	112194	113161
3400	112962.66	112198	113161
3401	112977.74	112230	113165
3402	112995.4	112230	113165
3403	113009.58	112231	113165
3404	113019.78	112240	113165
3405	113044.3	112343	113168
3406	113063.32	112472	113172
3407	113092.02	112571	113172
3408	113112.24	112573	113173
3409	113121.78	112573	113174
3410	113154.92	113040	113174
3411	113174	113174	113174
